Brand Name,Quantities,Link
Yves Saint Laurent,  16,/parfums-homme/?f=1-1-55544-55549-148
Lancôme,  1,/parfums-homme/?f=1-1-55544-55549-89
Hugo Boss,  26,/parfums-homme/?f=1-1-55544-55549-63
Armani,  20,/parfums-homme/?f=1-1-55544-55549-149
4711,  8,/parfums-homme/?f=1-1-55544-55549-192
Abercrombie & Fitch,  5,/parfums-homme/?f=1-1-55544-55549-4167
Acqua dell' Elba,  6,/parfums-homme/?f=1-1-55544-55549-17480
Acqua di Selva,  1,/parfums-homme/?f=1-1-55544-55549-11816
Adam Levine,  1,/parfums-homme/?f=1-1-55544-55549-9256
Adidas,  13,/parfums-homme/?f=1-1-55544-55549-152
Adidas Originals,  1,/parfums-homme/?f=1-1-55544-55549-20060
Adolfo Dominguez,  1,/parfums-homme/?f=1-1-55544-55549-4503
Aēsop,  1,/parfums-homme/?f=1-1-55544-55549-24473
Afnan,  3,/parfums-homme/?f=1-1-55544-55549-32179
Ajmal,  52,/parfums-homme/?f=1-1-55544-55549-4204
Al Haramain,  67,/parfums-homme/?f=1-1-55544-55549-6282
Alena Šeredová,  1,/parfums-homme/?f=1-1-55544-55549-50045
Alexandre.J,  13,/parfums-homme/?f=1-1-55544-55549-15936
Alfred Sung,  2,/parfums-homme/?f=1-1-55544-55549-8
Alyssa Ashley,  2,/parfums-homme/?f=1-1-55544-55549-174
Amouage,  32,/parfums-homme/?f=1-1-55544-55549-12009
Angel Schlesser,  2,/parfums-homme/?f=1-1-55544-55549-4372
Animale,  2,/parfums-homme/?f=1-1-55544-55549-5450
Annick Goutal,  6,/parfums-homme/?f=1-1-55544-55549-4802
Antonio Banderas,  10,/parfums-homme/?f=1-1-55544-55549-181
Antonio Puig,  4,/parfums-homme/?f=1-1-55544-55549-6031
Aquolina,  1,/parfums-homme/?f=1-1-55544-55549-206
Aramis,  7,/parfums-homme/?f=1-1-55544-55549-9
Armaf,  41,/parfums-homme/?f=1-1-55544-55549-35837
Armand Basi,  4,/parfums-homme/?f=1-1-55544-55549-153
Asombroso by Osmany Laffita,  2,/parfums-homme/?f=1-1-55544-55549-47191
Atkinsons,  14,/parfums-homme/?f=1-1-55544-55549-15729
Avon,  39,/parfums-homme/?f=1-1-55544-55549-265
Axe,  6,/parfums-homme/?f=1-1-55544-55549-10782
Azzaro,  11,/parfums-homme/?f=1-1-55544-55549-10
Baldessarini,  11,/parfums-homme/?f=1-1-55544-55549-21857
Balmain,  1,/parfums-homme/?f=1-1-55544-55549-5521
Banana Republic,  14,/parfums-homme/?f=1-1-55544-55549-250
Benetton,  7,/parfums-homme/?f=1-1-55544-55549-200
Bentley,  12,/parfums-homme/?f=1-1-55544-55549-9102
Beviro,  9,/parfums-homme/?f=1-1-55544-55549-43768
Bijan,  1,/parfums-homme/?f=1-1-55544-55549-12
Biotherm,  1,/parfums-homme/?f=1-1-55544-55549-201
Bois 1920,  12,/parfums-homme/?f=1-1-55544-55549-13884
Bond No. 9,  35,/parfums-homme/?f=1-1-55544-55549-4995
Bottega Veneta,  2,/parfums-homme/?f=1-1-55544-55549-4108
Boucheron,  17,/parfums-homme/?f=1-1-55544-55549-15
Bourjois,  2,/parfums-homme/?f=1-1-55544-55549-219
Bruno Banani,  9,/parfums-homme/?f=1-1-55544-55549-17
Brut,  5,/parfums-homme/?f=1-1-55544-55549-5394
Burberry,  12,/parfums-homme/?f=1-1-55544-55549-18
Bvlgari,  14,/parfums-homme/?f=1-1-55544-55549-19
Byredo,  20,/parfums-homme/?f=1-1-55544-55549-15652
Cacharel,  1,/parfums-homme/?f=1-1-55544-55549-21
Calvin Klein,  27,/parfums-homme/?f=1-1-55544-55549-22
Captain Fawcett,  2,/parfums-homme/?f=1-1-55544-55549-17589
Cerruti,  5,/parfums-homme/?f=1-1-55544-55549-27
Chopard,  13,/parfums-homme/?f=1-1-55544-55549-66
Christian Audigier,  4,/parfums-homme/?f=1-1-55544-55549-204
CLEAN,  16,/parfums-homme/?f=1-1-55544-55549-5536
Clinique,  1,/parfums-homme/?f=1-1-55544-55549-29
Clive Christian,  4,/parfums-homme/?f=1-1-55544-55549-12134
Coach,  3,/parfums-homme/?f=1-1-55544-55549-6353
Comptoir Sud Pacifique,  5,/parfums-homme/?f=1-1-55544-55549-5541
Courrèges,  1,/parfums-homme/?f=1-1-55544-55549-8658
Cristiano Ronaldo,  6,/parfums-homme/?f=1-1-55544-55549-21864
Cuba,  24,/parfums-homme/?f=1-1-55544-55549-210
Culti,  2,/parfums-homme/?f=1-1-55544-55549-12135
David Beckham,  15,/parfums-homme/?f=1-1-55544-55549-31
Davidoff,  13,/parfums-homme/?f=1-1-55544-55549-32
Denim,  4,/parfums-homme/?f=1-1-55544-55549-20490
Dermacol,  5,/parfums-homme/?f=1-1-55544-55549-8689
Desigual,  3,/parfums-homme/?f=1-1-55544-55549-17973
Diesel,  10,/parfums-homme/?f=1-1-55544-55549-33
DKNY,  1,/parfums-homme/?f=1-1-55544-55549-34
Dolce & Gabbana,  13,/parfums-homme/?f=1-1-55544-55549-35
Dsquared2,  2,/parfums-homme/?f=1-1-55544-55549-263
Dunhill,  29,/parfums-homme/?f=1-1-55544-55549-36
Eight & Bob,  6,/parfums-homme/?f=1-1-55544-55549-31410
Eisenberg,  11,/parfums-homme/?f=1-1-55544-55549-21509
Elode,  1,/parfums-homme/?f=1-1-55544-55549-14926
Emanuel Ungaro,  7,/parfums-homme/?f=1-1-55544-55549-40
Enrique Iglesias,  1,/parfums-homme/?f=1-1-55544-55549-13802
EP Line,  1,/parfums-homme/?f=1-1-55544-55549-5779
Erbario Toscano,  5,/parfums-homme/?f=1-1-55544-55549-26830
Ermenegildo Zegna,  7,/parfums-homme/?f=1-1-55544-55549-41
Escentric Molecules,  8,/parfums-homme/?f=1-1-55544-55549-11388
Estée Lauder,  2,/parfums-homme/?f=1-1-55544-55549-44
Etat Libre d’Orange,  16,/parfums-homme/?f=1-1-55544-55549-15991
Etienne Aigner,  12,/parfums-homme/?f=1-1-55544-55549-5
Etro,  24,/parfums-homme/?f=1-1-55544-55549-12383
Eutopie,  10,/parfums-homme/?f=1-1-55544-55549-49071
Fcuk,  3,/parfums-homme/?f=1-1-55544-55549-198
Ferrari,  18,/parfums-homme/?f=1-1-55544-55549-47
Floris,  5,/parfums-homme/?f=1-1-55544-55549-9405
Franck Olivier,  8,/parfums-homme/?f=1-1-55544-55549-48
Fred Haymans,  1,/parfums-homme/?f=1-1-55544-55549-49
Gap,  1,/parfums-homme/?f=1-1-55544-55549-5033
Geoffrey Beene,  2,/parfums-homme/?f=1-1-55544-55549-52
Gianfranco Ferré,  1,/parfums-homme/?f=1-1-55544-55549-162
Gilles Cantuel,  4,/parfums-homme/?f=1-1-55544-55549-8489
Giorgio Beverly Hills,  3,/parfums-homme/?f=1-1-55544-55549-54
Givenchy,  15,/parfums-homme/?f=1-1-55544-55549-55
Grès,  1,/parfums-homme/?f=1-1-55544-55549-56
Gucci,  13,/parfums-homme/?f=1-1-55544-55549-57
Guess,  11,/parfums-homme/?f=1-1-55544-55549-59
Guy Laroche,  1,/parfums-homme/?f=1-1-55544-55549-60
Halston,  2,/parfums-homme/?f=1-1-55544-55549-5496
Hanae Mori,  3,/parfums-homme/?f=1-1-55544-55549-5501
Hardwell,  1,/parfums-homme/?f=1-1-55544-55549-39149
Hermès,  27,/parfums-homme/?f=1-1-55544-55549-62
Hollister,  4,/parfums-homme/?f=1-1-55544-55549-6204
Hummer,  4,/parfums-homme/?f=1-1-55544-55549-64
Iceberg,  5,/parfums-homme/?f=1-1-55544-55549-68
Issey Miyake,  12,/parfums-homme/?f=1-1-55544-55549-69
Jacomo,  3,/parfums-homme/?f=1-1-55544-55549-70
Jacques Bogart,  10,/parfums-homme/?f=1-1-55544-55549-10999
Jaguar,  15,/parfums-homme/?f=1-1-55544-55549-71
James Bond 007,  5,/parfums-homme/?f=1-1-55544-55549-6581
Jean Patou,  1,/parfums-homme/?f=1-1-55544-55549-73
Jean Paul Gaultier,  5,/parfums-homme/?f=1-1-55544-55549-72
Jeanne Arthes,  29,/parfums-homme/?f=1-1-55544-55549-18435
Jeanne en Provence,  4,/parfums-homme/?f=1-1-55544-55549-31460
Jenny Glow,  33,/parfums-homme/?f=1-1-55544-55549-49016
Jesus Del Pozo,  3,/parfums-homme/?f=1-1-55544-55549-75
Jil Sander,  4,/parfums-homme/?f=1-1-55544-55549-76
Jimmy Choo,  5,/parfums-homme/?f=1-1-55544-55549-4317
John Richmond,  1,/parfums-homme/?f=1-1-55544-55549-213
John Varvatos,  7,/parfums-homme/?f=1-1-55544-55549-5370
JOOP!,  6,/parfums-homme/?f=1-1-55544-55549-78
Jovan,  4,/parfums-homme/?f=1-1-55544-55549-5506
Juicy Couture,  1,/parfums-homme/?f=1-1-55544-55549-242
Juliette has a gun,  9,/parfums-homme/?f=1-1-55544-55549-9379
Just Jack,  17,/parfums-homme/?f=1-1-55544-55549-48997
Karl Lagerfeld,  8,/parfums-homme/?f=1-1-55544-55549-86
Kelsey Berwin,  11,/parfums-homme/?f=1-1-55544-55549-15983
Kenneth Cole,  12,/parfums-homme/?f=1-1-55544-55549-80
Kenzo,  7,/parfums-homme/?f=1-1-55544-55549-81
Kolmaz,  11,/parfums-homme/?f=1-1-55544-55549-29298
Korloff,  7,/parfums-homme/?f=1-1-55544-55549-10814
Korres,  2,/parfums-homme/?f=1-1-55544-55549-24472
La Martina,  10,/parfums-homme/?f=1-1-55544-55549-9720
Lacoste,  18,/parfums-homme/?f=1-1-55544-55549-85
Lady Gaga,  1,/parfums-homme/?f=1-1-55544-55549-7216
Lalique,  21,/parfums-homme/?f=1-1-55544-55549-87
Lanvin,  4,/parfums-homme/?f=1-1-55544-55549-90
Laura Biagiotti,  2,/parfums-homme/?f=1-1-55544-55549-91
Le Couvent Maison de Parfum,  15,/parfums-homme/?f=1-1-55544-55549-25292
Liz Claiborne,  7,/parfums-homme/?f=1-1-55544-55549-5560
Lolita Lempicka,  2,/parfums-homme/?f=1-1-55544-55549-93
Lomani,  2,/parfums-homme/?f=1-1-55544-55549-10991
Lorenzo Villoresi,  6,/parfums-homme/?f=1-1-55544-55549-22028
Luciano Soprani,  1,/parfums-homme/?f=1-1-55544-55549-96
M. Micallef,  6,/parfums-homme/?f=1-1-55544-55549-10815
Mandarina Duck,  2,/parfums-homme/?f=1-1-55544-55549-97
Marbert,  1,/parfums-homme/?f=1-1-55544-55549-98
Masaki Matsushima,  8,/parfums-homme/?f=1-1-55544-55549-101
Matea Nesek,  6,/parfums-homme/?f=1-1-55544-55549-47304
Mauboussin,  5,/parfums-homme/?f=1-1-55544-55549-266
Mercedes-Benz,  17,/parfums-homme/?f=1-1-55544-55549-6538
Mexx,  12,/parfums-homme/?f=1-1-55544-55549-103
Michael Jordan,  5,/parfums-homme/?f=1-1-55544-55549-187
Michael Kors,  4,/parfums-homme/?f=1-1-55544-55549-226
Miller Harris,  9,/parfums-homme/?f=1-1-55544-55549-16924
Missoni,  2,/parfums-homme/?f=1-1-55544-55549-34181
Mondial,  1,/parfums-homme/?f=1-1-55544-55549-40850
Montblanc,  11,/parfums-homme/?f=1-1-55544-55549-104
Moschino,  5,/parfums-homme/?f=1-1-55544-55549-106
Mugler,  13,/parfums-homme/?f=1-1-55544-55549-139
Mustang,  5,/parfums-homme/?f=1-1-55544-55549-11932
Myrurgia,  2,/parfums-homme/?f=1-1-55544-55549-11029
Narciso Rodriguez,  5,/parfums-homme/?f=1-1-55544-55549-164
Nautica,  8,/parfums-homme/?f=1-1-55544-55549-4409
Nikos,  1,/parfums-homme/?f=1-1-55544-55549-108
Nishane,  11,/parfums-homme/?f=1-1-55544-55549-30874
Novellista,  5,/parfums-homme/?f=1-1-55544-55549-58546
O'Driu,  1,/parfums-homme/?f=1-1-55544-55549-39311
Oriflame,  29,/parfums-homme/?f=1-1-55544-55549-11199
Original Penguin,  8,/parfums-homme/?f=1-1-55544-55549-11000
Oscar de la Renta,  2,/parfums-homme/?f=1-1-55544-55549-111
Otto Kern,  1,/parfums-homme/?f=1-1-55544-55549-48657
Paco Rabanne,  14,/parfums-homme/?f=1-1-55544-55549-112
Paloma Picasso,  1,/parfums-homme/?f=1-1-55544-55549-114
Parfums Café,  5,/parfums-homme/?f=1-1-55544-55549-5095
Parfums De Marly,  17,/parfums-homme/?f=1-1-55544-55549-15568
Paris Hilton,  2,/parfums-homme/?f=1-1-55544-55549-115
Paul Smith,  2,/parfums-homme/?f=1-1-55544-55549-116
Pepe Jeans,  2,/parfums-homme/?f=1-1-55544-55549-62282
Perris Monte Carlo,  7,/parfums-homme/?f=1-1-55544-55549-13887
Perry Ellis,  17,/parfums-homme/?f=1-1-55544-55549-117
Pierre Cardin,  3,/parfums-homme/?f=1-1-55544-55549-119
Pino Silvestre,  1,/parfums-homme/?f=1-1-55544-55549-5368
Pitbull,  1,/parfums-homme/?f=1-1-55544-55549-11150
Playboy,  11,/parfums-homme/?f=1-1-55544-55549-208
Police,  19,/parfums-homme/?f=1-1-55544-55549-120
Pomellato,  1,/parfums-homme/?f=1-1-55544-55549-17283
Porsche Design,  6,/parfums-homme/?f=1-1-55544-55549-241
Prada,  12,/parfums-homme/?f=1-1-55544-55549-121
Proraso,  1,/parfums-homme/?f=1-1-55544-55549-24558
Puma,  4,/parfums-homme/?f=1-1-55544-55549-252
Ralph Lauren,  9,/parfums-homme/?f=1-1-55544-55549-122
Ramon Bejar,  1,/parfums-homme/?f=1-1-55544-55549-31468
Rasasi,  63,/parfums-homme/?f=1-1-55544-55549-6347
Reminiscence,  6,/parfums-homme/?f=1-1-55544-55549-7892
Renovality,  1,/parfums-homme/?f=1-1-55544-55549-35143
Replay,  3,/parfums-homme/?f=1-1-55544-55549-196
Roberto Cavalli,  4,/parfums-homme/?f=1-1-55544-55549-124
Roberto Verino,  1,/parfums-homme/?f=1-1-55544-55549-125
Rochas,  5,/parfums-homme/?f=1-1-55544-55549-128
Roger & Gallet,  6,/parfums-homme/?f=1-1-55544-55549-5740
Roja Parfums,  16,/parfums-homme/?f=1-1-55544-55549-15654
Royal Copenhagen,  1,/parfums-homme/?f=1-1-55544-55549-11022
Royal Crown,  2,/parfums-homme/?f=1-1-55544-55549-33698
s.Oliver,  4,/parfums-homme/?f=1-1-55544-55549-16830
S.T. Dupont,  14,/parfums-homme/?f=1-1-55544-55549-129
Salvador Dali,  6,/parfums-homme/?f=1-1-55544-55549-130
Salvatore Ferragamo,  9,/parfums-homme/?f=1-1-55544-55549-131
SANTINI Cosmetic,  10,/parfums-homme/?f=1-1-55544-55549-39531
Sapil,  12,/parfums-homme/?f=1-1-55544-55549-29326
Scottish Fine Soaps,  2,/parfums-homme/?f=1-1-55544-55549-24638
Sean John,  4,/parfums-homme/?f=1-1-55544-55549-227
Sergio Tacchini,  4,/parfums-homme/?f=1-1-55544-55549-132
Shaik,  2,/parfums-homme/?f=1-1-55544-55549-12001
Shiseido,  1,/parfums-homme/?f=1-1-55544-55549-190
Sospiro,  1,/parfums-homme/?f=1-1-55544-55549-15656
Spirit,  1,/parfums-homme/?f=1-1-55544-55549-38273
STR8,  14,/parfums-homme/?f=1-1-55544-55549-5275
Swiss Arabian,  28,/parfums-homme/?f=1-1-55544-55549-29316
Tabac,  4,/parfums-homme/?f=1-1-55544-55549-172
Taylor of Old Bond Street,  4,/parfums-homme/?f=1-1-55544-55549-40308
Teatro Fragranze,  3,/parfums-homme/?f=1-1-55544-55549-32809
Ted Lapidus,  10,/parfums-homme/?f=1-1-55544-55549-138
Tesori d'Oriente,  1,/parfums-homme/?f=1-1-55544-55549-14927
Thalia Sodi,  2,/parfums-homme/?f=1-1-55544-55549-51062
The Different Company,  13,/parfums-homme/?f=1-1-55544-55549-11287
The Library of Fragrance,  75,/parfums-homme/?f=1-1-55544-55549-53151
Tiffany & Co.,  1,/parfums-homme/?f=1-1-55544-55549-36445
Tiziana Terenzi,  28,/parfums-homme/?f=1-1-55544-55549-15580
Tom Tailor,  2,/parfums-homme/?f=1-1-55544-55549-257
Tommy Hilfiger,  3,/parfums-homme/?f=1-1-55544-55549-140
Tonino Lamborghini,  2,/parfums-homme/?f=1-1-55544-55549-4074
Tous,  4,/parfums-homme/?f=1-1-55544-55549-212
Truefitt & Hill,  8,/parfums-homme/?f=1-1-55544-55549-47061
Trussardi,  4,/parfums-homme/?f=1-1-55544-55549-142
Usher,  2,/parfums-homme/?f=1-1-55544-55549-5714
Valentino,  5,/parfums-homme/?f=1-1-55544-55549-143
Van Cleef & Arpels,  8,/parfums-homme/?f=1-1-55544-55549-144
Vera Wang,  1,/parfums-homme/?f=1-1-55544-55549-262
Versace,  12,/parfums-homme/?f=1-1-55544-55549-145
Victorinox,  7,/parfums-homme/?f=1-1-55544-55549-251
Viktor & Rolf,  5,/parfums-homme/?f=1-1-55544-55549-237
Vince Camuto,  4,/parfums-homme/?f=1-1-55544-55549-11149
Xerjoff,  11,/parfums-homme/?f=1-1-55544-55549-15984
Zadig & Voltaire,  4,/parfums-homme/?f=1-1-55544-55549-27984
Zippo Fragrances,  4,/parfums-homme/?f=1-1-55544-55549-4416
Zlatan Ibrahimovic,  4,/parfums-homme/?f=1-1-55544-55549-18908
