Brand Name,Link,History
8:TY,https://www.thegioinuochoa.com.vn/8-ty/,"Được thành lập từ năm 2016, đến nay thương hiệu 8:TY Cosmetic đến từ Hàn Quốc đã có mặt trên COUPANG - website thương mại điện tử bán lẻ trực tuyến lớn nhất xứ sở kim chi; Mở rộng mạng lưới kinh doanh theo mô hình kinh doanh thương mại điện tử B2B, B2C và B2C toàn cầu; Đạt nhiều giải thưởng lớn trên thị trường trực tuyến Đông Nam Á. Hiện 8:TY Cosmetic có chi nhánh phân phối đặt tại Hong Kong, Hàng Châu, Thượng Hải… và liên tục mở rộng ra các thị trường ngoài nước. "
Abercrombie & Fitch,https://www.thegioinuochoa.com.vn/abercrombie-fitch/,"Hãng nước hoa Abercrombie & Fitch hiện có khoảng 18 loại nước hoa, dòng nước hoa đầu tiên ra mắt năm 2002 và những dòng nước hoa mới nhất được tung ra thị trường từ năm 2015. Hãng Abercrombie & Fitch hợp tác cùng những chuyên gia nước hoa Christophe Laudamiel và Bruno Jovanovic "
Adidas,https://www.thegioinuochoa.com.vn/adidas/,"Nhắc đến Adidas người ta biết đến một trong những thương hiệu đầy quyền năng trong mọi lĩnh vực thể thao. Nhưng đằng sau mỗi cái tên luôn luôn là một hành trình kì diệu. Nước hoa Adidas đầu tiên được giới thiệu vào năm 2003 cho đến nay đã cho ra đời mười chín phiên bản khác nhau. Các hương thơm tuyệt diệu này được nguyên cứu và phát triển bởi các chuyên gia về nước hoa như: Ursula Wandel, Alain Astori, Jean-Pierre Mary, Martine Pallix, Philippe Bousseton, Harry Fremont và Maurice Roucel. Đến nay nước hoa Adidas đã rất được ưu chuộng trong giới trẻ bởi nó mang một phong cách thể thao, năng động và luôn cuốn hút. "
Agent Provocateur,https://www.thegioinuochoa.com.vn/agent-provocateur/,"gent Provocateur, đế chế về đồ lót nữ nổi tiếng của London, được gắn liền với sự quyến rũ, vui vẻ, và sự khiêu khích của các giác quan. Agent Provocateur đã mở ra một tầm nhìn mới cho các quý bà vốn e thẹ ở Anh. Nước hoa Agent Provocateur được giới thiệu năm 2000 với mùi hương gợi cảm và thiết kế chai hấp dẫn như những đường cong trên cơ thể phụ nữ. Cho đến nay, mùi hương này vẫn là niềm đam mê bất tận của các quý bà. Với cái tên mang nghĩa ""Khiêu khích"", Agent Procateur vừa được xem là có công khi đưa sự quyến rũ tự nhiên vào trong sản phẩm nhưng cũng thường xuyên bị chỉ trích và tranh cãi bởi các show trình diễn quá sexy của họ. Dù đúng hay sai, nước hoa và nội y của Agent Procateur vẫn là dòng sản phẩm hàng đầu thế giới trong việc đề cao tính quyến rũ và ngầm khiêu khích. "
Aigner Parfums,https://www.thegioinuochoa.com.vn/aigner-parfums/,"hắc hẳn nhiều người trong số chúng ta không còn lạ lẫm gì với thương hiệu nước hoa Aigner nổi tiếng được không ít chị em phụ nữ ưa chuộng. Tự nhận là một thương hiệu Đức với tâm hồn Italy, đặc trưng trong các thiết kế từ Aigner nằm ở tính chính xác, kỷ luật của người Đức pha lẫn chút lãng mạn, phóng khoáng của người Ý. Chất lượng cao cấp, thanh lịch, đạt đến độ hoàn hảo là những giá trị trong từng sản phẩm nước hoa cao cấp Aigner - thương hiệu hàng đầu của Đức. Nước hoa Aigner ngày nay mang hơi thở cuộc sống hiện đại thế kỷ 21 nhưng vẫn giữ nét tinh tế, sang trọng và đẳng cấp vốn có. "
Alaia,https://www.thegioinuochoa.com.vn/alaia/,"Alaia là một trong những thương hiệu thiết kế thời trang lừng danh của Pháp, với nhiều ý tưởng đột phá đã cho ra đời những sản phẩm cao cấp, chất lượng. "
Alexandre.J,https://www.thegioinuochoa.com.vn/alexandrej/,"Alexandre.J tái tạo lại khái niệm nước hoa bằng cách chuyển nó thành một đồ vật sang trọng.
Một kiến ​​trúc sư về vật liệu và các giác quan, Alexandre.J sử dụng bất thường các vật liệu đặc biệt. Ông ta điêu khắc chúng, đẩy giới hạn của sự sáng tạo để cung cấp cho cuộc sống những vật gây ra cảm xúc.
Mỗi mùi hương khám phá một loạt các ghi chú khứu giác lý tưởng liều dùng cho một thiết kế độc đáo và thành phần. Các nguyên liệu được sử dụng là quý giá và có giá trị. Vì mỗi người phản ứng khác nhau với nhiệt, quá trình phát triển chậm được thực hiện để đạt được sự cân bằng hoàn hảo. "
Anna Sui,https://www.thegioinuochoa.com.vn/anna-sui/,"nna Sui là một trong những người phụ nữ trẻ tuổi sớm thành đạt trong sự nghiệp thiết kế thời trang. Nếu được chiêm ngưỡng những thiết kế của Anna Sui bạn sẽ có cảm giác như đang lạc vào một khu vườn cổ tích với sắc màu rực rỡ. Trong thế giới thời trang của các “ông lớn” như Gucci, Burberry, Channel..., những thiết kế của bà từ áo, quần, giày dép hay nước hoa đều có một chỗ đứng nhất định. Anna Sui có thể được xem như hiện thân của sự sáng tạo ngọt ngào trên sàn diễn thời trang của thế giới. Năm 1999, Anna Sui phát hành dòng nước hoa và mỹ phẩm của mình. Tháng 10/1997, Anna Sui đã kí một thỏa thuận về việc cấp phép nước hoa với công ty Wella AG của Đức để phát triển một thương hiệu nước hoa riêng. "
Armand Basi,https://www.thegioinuochoa.com.vn/armand-basi/,"Hãng Armand Basi có 18 mẫu nước hoa trong những ghi chếp về nước hoa của chúng tôi. Phiên bản đầu tiên được sản xuất vào năm 1999 và mới nhất là vào năm 2016. Trong đó, nước hoa Armand Basi có 7 chai nước hoa nam, 8 chai nước hoa nữ. Những hương thơm của Armand Basi là sự hợp tác làm việc với các chuyên gia nước hoa như Olivier Cresp, Jean-Pierre Bethouart, Fabrice Pellegrin, Nathalie Lorson, Francis Kurkdjian, Sylvie Fischer, Alberto Morillas, Francoise Caron và Alienor Massenet. "
Atelier Cologne,https://www.thegioinuochoa.com.vn/atelier-cologne/,
Azzaro,https://www.thegioinuochoa.com.vn/azzaro/,"à nhà thiết kế nổi tiếng khắp thế giới, Loris Azzaro đã bắt đầu sự nghiệp lừng lẫy của mình từ việc tạo mẫu phụ kiện và trang sức cho chính người vợ của ông. Với lòng đam mê thời trang sẵn có, ông chuyển sang thiết kế trang phục và từ đó phát triển thành một thương hiệu Azzaro hoàn chỉnh. Ngày nay ông được cả thế giới thời trang biết đến cùng với tài năng của mình qua những sản phẩm thời trang cao cấp và các dòng nước hoa Azzaro. Tình yêu dành cho thời trang đã sớm dẫn người thiết kế đến với việc thiết kế quần áo và sau này phát triển thành một nhãn hiệu thời trang nổi tiếng mang tên ông. Dòng nước hoa Azzaro là một trong những sản phẩm ông tâm đắc nhất . Nước hoa Azzaro được phát hành năm 1978 cho đến năm 2008 có khoảng hai mươi bốn mùi hương. Loris Azzaro đã thiết kế trang phục cho nhiều người nổi tiếng như: Sophia Loren, Rachel Welch, Marisa Berenson, Claudia Cardinale, Isabelle Adjani và Nicole Kidman... "
Balenciaga,https://www.thegioinuochoa.com.vn/balenciaga/,"ã từng có một câu nói bất hủ dành riêng cho thương hiệu thời trang xuất phát từ Tây Ban Nha như sau: “Khi một người phụ nữ mặc một áo choàng Balenciaga bước vào căn phòng, thì người ta không còn nhìn thấy người phụ nữ khác ở đó”. Như vậy là quá đủ để hiểu được vẻ đẹp hoàn hảo mà những bộ trang phục Balenciaga mang lại. Các thiết kế của Balenciaga đã đi vào đời sống của giới quý tộc và các gia đình hoàng gia Tây Ban Nha, được hoàng hậu Eugenie, Maria Cristina… ưa chuộng. Điều này mang lại cho cái tên Balenciaga một vẻ đẹp quý phái, sang trọng, và quyền lực. "
Balmain,https://www.thegioinuochoa.com.vn/balmain/,"Được mệnh danh là “ông hoàng của thời trang Pháp” suốt thời kỳ Hậu Thế chiến II, Balmain là một trong những trụ cột không thể thiếu của kinh đô thời trang tráng lệ Paris. Những thiết kế của Balmain luôn giành được sự ưu ái của các minh tinh hàng đầu và giới thượng lưu trên khắp thế giới. Khác biệt với một số thương hiệu thời trang đã quay lưng với những giá trị truyền thống trong guồng quay vội vã của thời trang, hơn nửa thế kỷ qua, Balmain vẫn giữ vững phong cách di sản trong từng thiết kế. Một điểm thú vị của thương hiệu này chính là tên gọi Balmain được nhắc đến trong khá nhiều ca khúc từ bài Balmain Jeans của Kid Cudi đến nhạc phẩm Where Do You Go To? của Peter Sarstedt và cả bài Can’t Nobody của 2NE1 "
Bentley,https://www.thegioinuochoa.com.vn/bentley/,"Bentley là hãng nước hoa Vương Quốc Anh. Bentley có 13 chai nước hoa nam. Dòng nước hoa được ra mắt sớm nhất vào năm 2013 và gần đây nhất là vào năm 2017. Nước hoa Bentley được hợp tác và điều chế bởi những nhà pha chế nổi tiếng như Nathalie Lorson, Dorothee Piot, Mylene Alran "
Bond No 9,https://www.thegioinuochoa.com.vn/bond-no-9/,Bond No 9 là một hãng nước hoa niche của Mỹ tôn vinh một trong những thành phố nhộn nhịp cũng như phát triển bậc nhất thế giới - New York bằng cách thông qua sự sáng tạo trong nghệ thuật nước hoa. 
Bottega Veneta,https://www.thegioinuochoa.com.vn/bottega-veneta/,"Nước hoa Bottega Veneta là sự cân bằng giữa chuẩn mực và sự quyến rũ, hiện đại. Nước hoa Bottega Veneta cao cấp, chính hãng nhập khẩu từ Ý. Loại nước hoa đặc biệt dành cho bạn thể hiện sự tự tin và phong cách của chính mình. "
Britney Spears,https://www.thegioinuochoa.com.vn/britney-spears/,"Sự nghiệp, tiếng tăm, scandals, tiền bạc, tình yêu… tất cả có lẽ dường như vẫn chưa đủ đối với công chúa nhạc pop Britney Spears. Năm 2006, nhằm khuếch trương tên tuổi và kiếm tiền dựa vào độ “hot” của mình trên bảng xếp hạng âm nhạc thế giới, Britney đã tung ra nhãn hiệu nước hoa cá nhân. Cô trở thành nhân vật nổi tiếng tiếp theo tham gia vào trào lưu “sao” thiết kế thời trang… Hình ảnh cô công chúa nhạc Pop Britney Spears táo bạo và khêu gợi đã thu hút trí tò mò của các phụ nữ trẻ từ khắp nơi trên thế giới. Dòng nước hoa Curious của cô tượng trưng cho sự yêu thich phiêu lưu mạo hiểm và thách thức vượt qua các ranh giới của phái nữ ngày nay. "
Brut,https://www.thegioinuochoa.com.vn/brut/,Các mẫu nước hoa của Brut Parfums Prestige là sự hợp tác sáng tạo với các chuyên gia nước hoa Karl Mann và Yves Cassar. 
Burberry,https://www.thegioinuochoa.com.vn/burberry/,"ược thành lập từ năm 1856, thương hiệu Burberrycó đằng sau mình một lịch sử vô cùng phong phú. Burberry được cả thế giới biết đến qua những chiếc áo choàng thanh lịch được phái nữ khen ngợi cũng như những thiết kế quần áo may sẵn và trang phục thể thao dành cho nam, bên cạnh đó là các dòng phụ kiện được làm từ da cao cấp. Mang phong cách và hình ảnh quý phái, sang trọng như tất cả các sản phẩm Burberry khác, dòng nước hoa Burberry thể hiện nét cổ điển và tinh tế, hoàn chỉnh thêm cho bộ sưu tập quần áo và phụ kiện của nhãn hiệu này. Xuất hiện ở nhiều quốc gia trên toàn cầu, đặc biệt là Châu Âu, có lẽ không ai có thể phủ nhận được vị trí của Burberry trong làng thời trang thế giới. Không chỉ dừng lại ở quần áo, giầy dép, Burberry còn tung ra rất nhiều sản phẩm gây tiếng vang như nước hoa, túi xách… với những gương mặt quảng cáo đắt giá như: siêu mẫu Kate Moss, diễn viên Rachel Weisz, siêu mẫu Gemma Ward. "
Bvlgari,https://www.thegioinuochoa.com.vn/bvlgari/,"ừ hơn một thế kỷ qua, thương hiệu Bvlgari chính là tiêu chuẩn của sự hào nhoáng và sang trọng. Từ những thiết kế trang sức hợp thời và mang nét hiện đại độc đáo, Bvlgari được xem như nhà cung cấp các sản phẩm làm đẹp và thời trang hàng đầu thế giới. Áp dụng những chuẩn mực trong các mẫu trang sức của mình: cách tân, sáng tạo và chi tiết, Bvlgari mang đến bộ sưu tập nước hoa cũng không kém phần lộng lẫy và quý phái. Là sự kết hợp hài hòa giữa nét cổ điển và phong cách hiện đại, đựng trong những chai lọ thiết kế tinh xảo và đầy tính nghệ thuật, nước hoa Bvlgari chính là những viên ngọc đầy hấp dẫn với mọi người. "
Calvin Klein,https://www.thegioinuochoa.com.vn/calvin-klein/,"Là một trong những nhãn hiệu thời trang hàng đầu thế giới, Calvin Klein được mọi người biết đến với phong cách vô cùng phóng khoáng. Tất cả các sản phẩm của Calvin Klein, từ trang phục, phụ kiện đến các thiết bị trang trí nội thất đều mang một vẻ đẹp cổ điển bất chấp thời gian. Không nằm ngoài danh tiếng đó, các dòng nước hoa Calvin Klein cũng đã liên tục mang về nhiều giải thưởng danh giá. Hương thơm hấp dẫn của nước hoa CK đã mang đến một định nghĩa hoàn toàn mới cho thế giới nước hoa, tuy đơn giản nhưng đã trở thành một biểu tượng thời trang ngày nay về cả kiểu dáng lẫn mùi hương. Mang đến cho chúng ta lần đầu tiên những hương thơm phù hợp cho cả 2 phái, Calvin Klein đã chứng tỏ được vị trí tiên phong của mình trong lĩnh vực này. "
Carolina Herrera,https://www.thegioinuochoa.com.vn/carolina-herrera/,"Khi nhà thiết kế thời trang Carolina Herrera cho ra đời dòng nước hoa với mùi hương quyến rũ đặc trưng, mang đến sự khoái lạc say sưa, được pha trộn từ hương hoa nhài và cây hoa huệ, bà đã nói thêm rằng hương thơm này gợi nhớ đến những kỉ niệm về những đêm hè ấm áp dưới bấu trời Caracas đầy sao. Suốt cả một thập kỷ về sau, mùi hương này vẫn làm bừng cháy những kí ức về một đêm mùa hè nóng bỏng. Và không chỉ có thế, nó còn mang đến những cảm xúc của bữa tiệc tuyệt vời từ hai tháng trước, hay đêm hội hào nhoáng vừa tối hôm qua. “Mùi nước hoa này là thứ không thể thiếu trong cuộc đời tôi,” bà nói. “Đây là mùi hương duy nhất tôi dùng trong suốt 10 năm qua, không hề thay đổi. Rõ ràng nó đã trở thành một phần con người của tôi.” "
Cartier,https://www.thegioinuochoa.com.vn/cartier/,"Hãng Cartier được thành lập năm 1847 bởi Louis-Francois Cartier. Trang sức và đồng hồ thương hiệu Cartier rất được giới thượng lưu và những người thuộc tầng lớp quý tộc ưa chuộng trong suốt thế kỷ 20. Cartier mở rộng quy mô kinh doanh sang những sản phẩm bằng da, bút và khăn quàng cô trong những năm 1970. Dòng nước hoa đầu tiên dành cho nữ Must de Cartier và dòng nước hoa dành cho nam Santos de Cartier của thương hiệu Cartier được tung ra thị trường năm 1981. Sau đó, Cartier liên tục cho ra đời những dòng nước hoa nổi tiếng rất được yêu thích và thường được đặt theo tên của những bộ sưu tập trang sức, đồng hồ của công ty. Cartier nằm trong TOP 50 hãng nước hoa nổi tiếng nhất thế giới. "
Chloe,https://www.thegioinuochoa.com.vn/chloe/,"hương hiệu CHLOÉ do bà Gaby Aghion (một người Pháp sinh ra ở Ai Cập) sáng lập vào năm 1952. Từ năm 1973, thương hiệu CHLOÉ bắt đầu đặt dấu ấn của mình trong lĩnh vực nước hoa. Năm 1975 họ ra mắt nước hoa đầu tiên có tên gọi CHLOÉ. Kể từ đó đến nay, hãng đã giới thiệu với công chúng 13 loại nước hoa khác nhau. Sản phẩm nước hoa mới được quảng bá trong suốt tuần lễ thời trang Xuân – Hạ 08 ở Paris vào tháng 10 với sự góp mặt của nữ diễn viên người Mỹ CHLOÉ Sevigny, nữ diễn viên người Pháp Clémence Poséy và người mẫu hàng đầu Anja Rubik. Nước hoa CHLOÉ mang trong mình sự sáng tạo, phong cách tự tin của người phụ nữ với hương thơm hoàn toàn tự nhiên và thời trang. "
Chopard,https://www.thegioinuochoa.com.vn/chopard/,"Chopard là một hãng làm đồng hồ và đồ trang sức ở Thụy Sĩ được thành lập bởi Louis-Ulysse Chopard năm 1860. Năm 1992, Chopard tác với L'Oreal phát hành nước hoa dưới thương hiệu Chopard. Nước hoa đầu tiên của công ty, ngọt và phổ biến với mùi cho phái nữa Casmir, ra mắt vào năm 1992 và thành công vang dội, và sinh ra một loạt các mẫu chai. Mùi hương dành cho nam đầu tiên, Heaven, được giới thiệu vào năm 1994. Công ty cung cấp nhiều sản phẩm nước hoa của mình trong những mẫu chai giống như một loại đá quý (Wish, ví dụ, từ năm 1999) và đã giới thiệu loại nước hoa mà trùng với một chiếc đồng hồ hay đồ trang sức bộ sưu tập, chẳng hạn như nước hoa Happy Spirit, trong đó có một bộ sưu tập đồng hồ tương ứng. Chopard nằm trong TOP 100 hãng nước hoa nổi tiếng nhất thế giới. "
Clinique,https://www.thegioinuochoa.com.vn/clinique/,"Clinique là hãng nước hoa Mỹ. Clinique là một dòng mỹ phẩm được thành lập bởi công ty Estee Lauder vào năm 1968. Thương hiệu Clinique mở rộng kinh doanh sang ngành nước hoa, dòng nước hoa đầu tiên của Clinique mang tên Aromatics Elixir ra mắt năm 1971. Công ty đã tổ chức lễ kỷ niệm đánh đấu 40 năm dòng nước hoa Aromatics Elixir giành được sự yêu thích từ phụ nữ trên khắp thế giới. Dòng nước hoa bán chạy nhất của công ty là Happy được giới thiệu năm 1997. Nước hoa Clinique được hợp tác và điều chế bởi những nhà pha chế nổi tiếng như Olivier Cresp, Olivier Polge, Sophia Grojsman, Rodrigo Flores-Roux, Claude Delville, Jean-Claude Delville, Laurent Le Guernec, Bernard Chant, Christophe Laudamiel, Trudi Loren... Clinique nằm trong TOP 100 hãng nước hoa nổi tiếng nhất thế giới. "
Coach,https://www.thegioinuochoa.com.vn/coach/,"Hãng nước hoa Estee Lauder hiện có khoảng 23 loại nước hoa, dòng nước hoa đầu tiên ra mắt năm 2007 và những dòng nước hoa mới nhất được tung ra thị trường từ năm 2014. Hãng Coach hợp tác cùng những chuyên gia nước hoa Honorine Blanc, Firmenich and Celine Barel. "
Creed,https://www.thegioinuochoa.com.vn/creed/,"Hãng nước hoa CREED hiện có hơn 72 loại nước hoa, CREED là thương hiệu nước hoa lâu đời và danh tiếng. Dòng nước hoa đầu tiên ra mắt năm 1781 và những dòng nước hoa mới nhất được tung ra thị trường năm 2014. Chuyên gia nước hoa của thương hiệu CREED là những thành viên đã và đang lãnh đạo tập đoàn: Olivier Creed - thế hệ thứ 6, James Henry Creed - thế hệ thứ 5, Erwin Creed - thế hệ thứ 7, Henry Creed - thế hệ thứ 4, Henry Creed - thế hệ thứ 3 và James Henry Creed - thế hệ thứ 1 và là người sáng lập ra thương hiệu CREED. "
Davidoff,https://www.thegioinuochoa.com.vn/davidoff/,"avidoff gia nhập thế giới kì diệu của mùi hương vào năm 1991 với sản phẩm nước hoa mang tên Cool Water – Dòng nước mát. Nước, một trong những điều đơn giản nhất của sự sống nhưng cũng mang lại một tinh thần vô cùng hăng hái, sung mãn, chính là cảm hứng cho Cool Water – dòng nước hoa đầu tiên trên thế giới có thể mang lại cảm giác tươi mát sảng khoái như đang được thỏa thích ngụp lặn trong một hồ nước. Tiếp theo đó là sự ra đời của Cool Water nữ năm 1997, và vào năm 1999, Davidoff giới thiệu sản phẩm nước hoa thứ ba của mình mang tên Goodlife với một hương thơm nhẹ nhàng kì bí, lần nữa mang đến một cảm giác hoàn toàn mới lạ cho thế giới nước hoa. "
Diesel,https://www.thegioinuochoa.com.vn/diesel/,"ạo bởi Renzo Rosso năm 1978, Diesel tạo ra tất cả mọi thứ, từ vải bông chéo, đồ thêu sang trọng và giản dị , da thuộc và da dê đến mắt kính, đồng hồ, đồ trang sức và bây giờ là nước hoa. Hơn cả một người bạn, Diesel là một trạng thái tâm hồn: nó có nghĩa là đang được mở ra cho những điều mới mẻ, để lắng nghe trực giác của bản thân và trung thực với chính mình. "
Christian Dior,https://www.thegioinuochoa.com.vn/dior/,"ừ hàng loạt các loại mỹ phẩm đầy màu sắc thời trang cho đến các sản phẩm dưỡng da chất lượng cao và những lọ nước hoa Dior với mùi hương quyến rũ, Christian Dior đã đem đến những sản phẩm làm đẹp sang trọng, hợp thời và luôn lăng xê những xu hướng mới nhất. Sự kết hợp đầy lôi cuốn giữa mỹ phẩm và thời trang này không những làm say mê rất nhiều nhân vật danh giá, các siêu mẫu thế giới cũng như các tầng lớp khác, mà còn khẳng định danh tiếng của Christian Dior - một trong những nhãn hiệu làm đẹp mang phong cách thời trang đặc sắc nổi tiếng nhất trên thế giới. "
DKNY,https://www.thegioinuochoa.com.vn/dkny/,"KNY là một nhánh của nhãn hiệu thời trang cao cấp Donna Karan. Bắt nguồn từ nhu cầu của người tiêu dùng với những trang phục jeans hoàn hảo, và mong muốn của Karan cho con gái của mình có được nhiều lựa chọn thời trang phong phú hơn, Karan đã cho ra đời một nhãn hiệu mới với những trang phục may sẵn, kiếng mát, giày dép và nước hoa. Ở DKNY ta bắt gặp một phong cách thân thiện, luôn cập nhật những xu hướng thời trang mới nhất với những kiểu dáng đặc sắc. Tương tự như thế, mỗi mùi hương khác nhau trong bộ sưu tập nước hoa DKNY đều được ảnh hưởng từ phong cách thời trang độc đáp của Karan, và đã trở thành một trong những loại nước hoa không thể thiếu cho cả phái nam lẫn phái nữ. "
Dolce & Gabbana,https://www.thegioinuochoa.com.vn/dolce-gabbana/,"ừ khi ra mắt vào năm 1985 cho đến nay, Dolce & Gabbana luôn có một ảnh hưởng mạnh mẽ trong làng thời trang thế giới. Ngoài sự thành công to lớn trong thiết kế trang phục, với sản phẩm nước hoa đầu tiên mang tên Dolce & Gabbana Pour Femme, giờ đây hãng đã chinh phục cả khứu giác của những người hâm mộ. Ngày nay, với bộ sưu tập nước hoa lộng lẫy và quyến rũ cho cả nam lẫn nữ, thương hiệu thời trang từ Ý này tiếp tục thể hiện sự táo bạo và gợi cảm, từ đó không ngừng khẳng định vị trí của mình  Từ khi ra mắt vào năm 1985 cho đến nay, Dolce & Gabbana luôn có một ảnh hưởng mạnh mẽ trong làng thời trang thế giới. Ngoài sự thành công to lớn trong thiết kế trang phục, với sản phẩm đầu tiên mang tên nước hoa D&G Pour Femme, giờ đây hãng đã chinh phục cả khứu giác của những người hâm mộ. Ngày nay, với bộ sưu tập nước hoa lộng lẫy và quyến rũ cho cả nam lẫn nữ, thương hiệu thời trang từ Ý này tiếp tục thể hiện sự táo bạo và gợi cảm, từ đó không ngừng khẳng định vị trí của mình  "
DSQUARED²,https://www.thegioinuochoa.com.vn/dsquared/,"DSQUARED² là hãng nước hoa Canada. Thương hiệu DSQUARED² ra mắt dòng nước hoa đầu tiên mang tên He Wood vào năm 2007. Sau đó, công ty tiếp tục giới thiệu dòng nước hoa She Wood vào năm 2008. DSQUARED² đã hợp tác cùng tập đoàn ITF Group để cho ra đời những dòng nước hoa của mình. "
Dunhill,https://www.thegioinuochoa.com.vn/dunhill/,"Hãng nước hoa Alfred Dunhill hiện có khoảng 19 loại nước hoa, dòng nước hoa đầu tiên ra mắt năm 1934 và những dòng nước hoa mới nhất được tung ra thị trường từ năm 2015. Hãng Alfred Dunhill  hợp tác cùng những chuyên gia nước hoa Gerard Anthony, Philippe Romano, Michel Almairac, Maurice Roucel, Alain Astori, Michel Girard, Carlos Benaim and Volke Franck "
Elie Saab,https://www.thegioinuochoa.com.vn/elie-saab/,Elie Saab là hãng nước hoa Lebanon. Elie Saab là một nhà thiết kế thời trang lừng danh người Li-băng. Elie Saab đã thiết kế ra nhiều bộ trang phục cho những ngôi sao nổi tiếng mặc trên thảm đỏ. Dòng nước hoa đầu tiên ra mắt năm 2011. Nhà sáng tạo nước hoa của thương hiệu Elie Saab là Francis Kurkdjian. 
Elizabeth Arden,https://www.thegioinuochoa.com.vn/elizabeth-arden/,"a đời tại New York với lịch sử phát triển gần 100 năm, nhãn hiệu cao cấp danh tiếng Elizabeth Arden cung cấp các sản phẩm chăm sóc da chất lượng cao, các dòng mỹ phẩm trang điểm tinh tế và những mùi hương quyến rũ. Catherine Zeta Jones là gương mặt đại sứ toàn cầu từ năm 2002. Elizabeth Arden hiện sở hữu và phân phối nhiều nhãn hiệu khác tại 80 khu vực trên toàn thế giới. "
Elizabeth Taylor,https://www.thegioinuochoa.com.vn/elizabeth-taylor/,"Elizabeth Taylor là một diễn viên người Anh-Mỹ, với sự nghiệp diễn xuất kéo dài gần 60 năm. Elizabeth Taylor cũng là một biểu tượng thời trang với một niềm đam mê trang sức, đây là nguồn cảm hứng cho dòng nước hoa bà muốn tung ra cùng Elizabeth Arden. Chai nước hoa đầu tiên Passion, ra mắt vào năm 1987. Một lọ nước hoa nhằm tôn vinh đôi mắt tím của bà – Violet Eyes – chính là chai nước hoa mới nhất và cũng là chai nước hoa cuối cùng được giới thiệu trước khi Elizabeth Taylor qua đời vào năm 2011.
Nước hoa của Elizabeth Taylor có sự hợp tác của Sophia Grojsman and Carlos Benaim. "
Eon Productions,https://www.thegioinuochoa.com.vn/eon-productions/,"Eon Productions là hãng nước hoa Anh. Eon Productions là một hãng sản xuất phim của Anh được sở hữu bởi Mỹ, nổi tiếng với dòng phim James Bond (007). Nước hoa Eon Productions hiện tại có 7 chai nước hoa được sản xuất từ 2012 đến 2015. Trong đó, nước hoa Eon Productions có 4 chai nước hoa nam, 1 chai nước hoa nữ và 2 chai nước hoa unisex (dành cho nam và nữ). "
Ermenegildo Zegna,https://www.thegioinuochoa.com.vn/ermenegildo-zegna/,"Ermenegildo Zegna là hãng nước hoa Ý. Tập đoàn Ermenegildo Zegna Group là tập đoàn dẫn đầu về các sản phẩm thời trang cao cấp dành cho phái nam. Thương hiệu Ermenegildo Zegna được nhà thiết kế cùng tên sáng lập năm 1910 tại Trivero, là một nhãn hiệu Ý. Ngoài các sản phẩm về thời trang, thương hiệu còn kinh doanh các sản phẩm nước hoa dành cho nam giới. Sau bộ sưu tập ESSENZE của Ermenegildo Zegna, một mùi thơm cho nam giới đã được tung ra, tên của nó là Uomo. Loại nước hoa mới của Ermenegildo Zegna lên kệ vào mùa xuân năm 2013 thể hiện bản chất của phong cách Ý, khái niệm Ý và hương liệu Ý. "
Escada,https://www.thegioinuochoa.com.vn/escada/,"scada mang đến những mùi hương cổ điển, thể hiện sự thanh lịch và tinh tế vĩnh cửu, dựa trên những giá trị truyền thống mà thời trang Escada đem lại trong hơn 20 năm qua. Nhiều mùi hương mới được giới thiệu hàng năm, mở rộng thêm bộ sưu tập thời trang của nhà Escada vào mỗi mùa xuân. Những loại nước hoa mới của Escada với mùi hương đặc sắc, có thế làm tinh thần bạn phấn chấn hơn, được mang đến trong những chai lọ được thiết kế sang trọng đến từng chi tiết. Bộ sưu tập nước hoa phong phú này chính là mội biểu tượng mùi hương hoàn hảo cho nhãn hiệu thời trang Escada. "
Estee Lauder,https://www.thegioinuochoa.com.vn/estee-lauder/,"Estée Lauder là hãng nước hoa Mỹ. Tập đoàn Estée Lauder thành lập bởi Joseph và Estée Lauder vào năm 1946. Năm 1953, công ty ra mắt sản phẩm nước hoa đầu tiên của mình mang tên Youth Dew dưới dạng sữa tắm nhưng hương thơm được tăng gấp đôi giống như nước hoa. Youth Dew là một trong những sản phẩm bán chạy nhất trên toàn thế giới của công ty. Năm 1964, công ty giới thiệu thương hiệu Aramis chuyên sản xuất sản phẩm làm đẹp và nước hoa cho nam giới. Trong những năm qua, Estée Lauder mở rộng quy mô thông qua việc ra mắt hoặc thỏa thuận bản quyền với nhiều công ty nước hoa và mỹ phẩm khác. Hiện nay, có hơn 25 công ty nằm trong danh mục đầu tư của Estée Lauder bao gồm Clinique, Origins, Tom Ford, MAC và Jo Malone. Estée Lauder nằm trong TOP 50 hãng nước hoa nổi tiếng nhất thế giới. "
Ferrari,https://www.thegioinuochoa.com.vn/ferrari/,"Ferrari là hãng nước hoa Ý. Enzo Ferrari thành lập công ty Scuderia Ferrari năm 1929 như một nhà sản xuất xe đua và cũng là nhà tài trợ cho các sự kiện đua xe, lái xe. Năm 1999, công ty mở rộng thêm một hướng kinh doanh hoàn toàn mới khi tung ra thị trường dòng nước hoa đầu tiên mang tên Ferrari Black. Hương thơm ngọt ngào, lôi cuốn của nước hoa Ferrari Black đã mang lại thành công rực rỡ. Trong khi những mẫu xe Ferrari chỉ có những người giàu có mới có thể sở hữu được thì nước hoa Ferrari với giá cả phải chăng nên có một lượng khách hàng khổng lồ. "
Giorgio Armani,https://www.thegioinuochoa.com.vn/giorgio-armani/,"iorgio Armani là một trong những nhà thiết kế thời trang được yêu mến và có ảnh hưởng nhất thế giới. Trong suốt 3 thập kỷ qua, nhãn hiệu thời trang từ Ý này liên tục tung ra những bộ sưu tập quần áo, phụ kiện và nước hoa được mọi người vô cùng yêu thích. Những bộ sưu tập này luôn được giới thượng lưu chú ý và những thiết kế của ông luôn được các nhân vật nổi tiếng khoác lên người bước đi trên thảm đỏ. Những người hâm mộ say đắm các trang phục của ông vì sự sang trọng hoàn hảo thể hiện trong từng chi tiết, với những đường may cẩn thận và được làm từ các chất liệu tốt nhất. Tương tự như thế, bộ sưu tập nước hoa kinh điển của Giorgio Armani luôn làm cả thế giới mê mẩn và say đắm. "
Givenchy,https://www.thegioinuochoa.com.vn/givenchy/,"Từ khi thời trang được xem như một hình thức nghệ thuật tinh tế và đòi hỏi tay nghề cao, Hubert de Givenchy đã trở thành một trong những nhà thiết kế được kính trọng nhất thế giới, với một danh sách khách hàng dày đặc những tên tuổi của những phụ nữ được xem như ăn mặc thanh lịch nhất mọi thời đại. Các sản phẩm khác của Givenchy bao gồm nước hoa, mỹ phẩm, và dưỡng da cao cấp đều rất được mọi người ưa chuộng, có thiết kế cầu kì sang trọng và được sản xuất theo công nghệ hiện đại. Đó là sự pha trộn giữa phong cách sang trọng của Pháp và sự tự nhiên phóng khoáng của phong cách Mỹ, cộng với một nét gì rất thanh lịch, rất hấp dẫn và rất Givenchy. "
Gres,https://www.thegioinuochoa.com.vn/gres/,"Hãng nước hoa Grès hiện có khoảng 44 loại nước hoa, dòng nước hoa đầu tiên ra mắt năm 1959 và những dòng nước hoa mới nhất được tung ra thị trường từ năm 2015. Hãng Grès hợp tác cùng những chuyên gia nước hoa Max Gavarry, Domitille Michalon, Jean-Claude Delville, Jean-Pierre Bethouart, Michel Almairac, Pierre Bourdon, Madame Gres, Bernard Chant, Sidonie Lancesseur, Richard Ibanez, Mylene Alran, Christine Nagel, Thomas Fontaine, Vincent Schaller, Marie Salamagne, Delphine Lebeau, Benoist Lapouza, Thierry Wasser, Henri Bergia, Nathalie Lorson, Emilie Bouge, Irene Farmachidi, Sophie Labbe, Jean-Christophe Herault, Amandine Marie và Robert Gonnon. "
Gucci,https://www.thegioinuochoa.com.vn/gucci/,"ược thành lập vào thập niên 20 tại Florence – Ý, Gucci là một trong những thương hiệu được tôn sùng nhất trên thế giới. Nhãn hiệu này luôn hiểu rõ thời trang và nước hoa là hai thứ không thể tách rời nhau. Mang đến những bộ quần áo với phong cách hiện đại, tân thời cho cả nam lẫn nữ, giờ đây biểu tượng 2 chữ cái lồng vào nhau nổi tiếng của Gucci đã trở thành một hình tượng thời trang, luôn được bắt gặp trong mọi sản phẩm của hãng, từ các bộ sưu tập túi, trang phục thể thao, các đôi giày gót cao và mảnh theo mùa cho đến những lọ nước hoa. Nước hoa Gucci rất đa dạng về mùi hương, từ gợi cảm mê đắm cho đến ngọt ngào tươi mát, cùng với các dòng trang phục và phụ kiện của hãng, từ lâu đã trở thành những mùi hương kinh điển. Dễ dàng thấy được Gucci luôn tạo ra những làn sóng thời trang mới đồng thời là nhãn hiệu đi đầu về sự thanh lịch, và hương thơm tuyệt diệu của nước hoa Gucci luôn mang đến một cảm giác ngọt ngào của sự thành công "
Guerlain,https://www.thegioinuochoa.com.vn/guerlain/,"Guerlain là hãng nước hoa lâu đời và rất nổi tiếng. Những dòng nước hoa đầu tiên ra mắt năm 1860 và những dòng nước hoa mới nhất được tung ra thị trường từ năm 2015. Hãng nước hoa Guerlain đã hợp tác cùng chuyên gia nước hoa Jacques Guerlain, Jean-Paul Guerlain, Thierry Wasser, Aime Guerlain, Sophie Labbe, Sylvaine Delacourte, Randa Hammami, Mathilde Laurent, Christophe Raynaud, Frank Voelkl, Marie Salamagne, Karine Dubreuil, Maurice Roucel, Francis Kurkdjian, Daniela (Roche) Andrier, Annick Menardo, Olivier Polge, Beatrice Piquet, Delphine Jelk, Pierre-Francois-Pascal Guerlain, Christine Nagel và Sonia Constant. "
Guess,https://www.thegioinuochoa.com.vn/guess/,"Anh em nhà Marciano sinh trưởng ở miền Nam nước Pháp, mang trong mình một niềm đam mê nồng nhiệt với nghệ thuật thiết kế kiểu Pháp. Kết hợp tình yêu dành cho miền Tây nước Mỹ và sự nhạy cảm của nghệ thuật Châu Âu, họ đã thành lập ra thương hiệu Guess.
Ngày nay, Guess là một trong những nhãn hiệu nổi tiếng nhất trên thế giới. Được biết đến nhờ chất lượng cao, xu hướng thời trang mới, chiến lược tiếp thị sáng tạo, Guess thiết kế và đưa ra thị trường những bộ sưu tập mang phong cách hàng đầu, bao gồm trang phục thường ngày, phụ kiện, nước hoa cho nam và nữ, và cả quần áo trẻ em. "
Guy Laroche,https://www.thegioinuochoa.com.vn/guy-laroche/,"Guy Laroche là hãng nước hoa Pháp. Hãng nước hoa này là thương hiệu con của L'Oreal. Guy Laroche là một nhà thiết kế thời trang Pháp và là người sáng lập công ty cùng tên “Guy Laroche”. Guy Laroche đến Hoa Kỳ vào năm 1955 để nghiên cứu các phương pháp sản xuất quần áo may sẵn. Năm 1957, ông quay trở về Paris và thành lập thương hiệu của riêng mình. Năm 1966, công ty có bước đột phá đầu tiên khi cho ra đời dòng nước hoa huyền thoại Fidji dành cho phụ nữ. Dòng nước hoa dành cho nam đầu tiên của thương hiệu Guy LaRoche mang tên Drakkar được giới thiệu vào năm 1972, đến năm 1982 được cải tiến thành Drakkar Noir đã gặt hái được thành công hơn cả dòng Drakkar ban đầu. Guy Laroche qua đời năm 1989 nhưng thương hiệu của ông vẫn tồn tại và phát triển trong thế kỷ 21. Công ty đã hợp tác cùng hãng L'Oreal để cho ra đời nhiều dòng nước hoa mới. "
Harajuku Lovers,https://www.thegioinuochoa.com.vn/harajuku-lovers/,"Harajuku Lovers là một thương hiệu nước hoa mới. Các phiên bản sớm nhất đã được tạo ra vào năm 2008 và mới nhất là từ năm 2014. Nước hoa Harajuku Lovers đã được thực hiện trong sự hợp tác với các nghệ nhân nước hoa Harry Fremont, Steve Demercado, Christophe Raynaud, Yves Cassar, Pascal Gaurin, Honorine Blanc, Clement Gavarry, Gabriela Chelariu, Carlos Vinals, Ilias Ermenidis, Richard Herpin, Christelle Laprade, Celine Barel, Maurice Roucel và Adriana Medina. "
Hermes,https://www.thegioinuochoa.com.vn/hermes/,"hà sản xuất Hermes sở hữu 45 loại nước hoa trong bộ sưu tập nước hoa chính của chúng ta. Hermes là công ty sản xuất nước hoa lâu đời. Những loại nước hoa đầu tiên của công ty được sản xuất từ năm 1951 và những loại mới nhất được sản xuất vào năm 2010. Để sản xuất các loại nước hoa có thương hiệu Hermes, Hermes cộng tác với các nhà sản xuất nước hoa Maurice Roucel, Jean-Claude Ellena, Maurice Maurin, Francois Maurin, Jean-Louis Sieuzac, Guy Robert, Fabrice Pellegrin, Jean Guichard, Ralf Schwieger, Nathalie Feisthauer, Edmond Roudnitska, Francoise Caron, Olivia Giacobetti, Akiko Kamei và Gilles Romey. "
Hugo Boss,https://www.thegioinuochoa.com.vn/hugo-boss/,"ugo Boss, một tên tuổi gắn liền với những bộ trang phục quí phái dành cho cánh đàn ông. Thành lập từ năm 1923, đến nay Hugo Boss luôn là nhãn hiệu hàng đầu trong lĩnh vực thiết kế y phục nam giới với chất lượng cao và kiểu dáng vô cùng sang trọng. Sản phẩm nước hoa đầu tiên của hãng được giới thiệu vào năm 1993, kể từ đó Boss luôn là một trong những tên tuổi đi đầu của thị trường nước hoa thế giới. "
Issey Miyake,https://www.thegioinuochoa.com.vn/issey-miyake/,"ssey Miyake là nhà tạo mẫu thời trang hiện đại và và vô cùng khiêm tốn người Nhật, thiết kế những bộ trang phục và nước hoa phù hợp với đủ mọi phong cách và sở thích. Do đó, khi cho ra đời một loại nước hoa mới, Miyake luôn chú ý đến mối tương quan giữa sự hòa hợp giữa mùi hương với trang phục và môi trường – và tất cả những yếu tố khác mà ông cho rằng có thể làm hoàn chỉnh sản phẩm của ông. Áp dụng kỹ thuật khoa học mới cũng như mọi thứ từ thiên nhiên, các sáng tạo mởi mẻ của ông như đưa mọi người đến một kỷ nguyên mới của một phong cách hoàn toàn khác, nơi mà chủ nghĩa tân thời cùng sự cách tân khiến ta mê mẩn, và những mùi hương quyến rũ của ông cũng nằm trong số đó. "
J Del Pozo,https://www.thegioinuochoa.com.vn/j-del-pozo/,"Hãng nước hoa Jesus Del Pozo hiện có khoảng 30 loại nước hoa, dòng nước hoa đầu tiên ra mắt năm 1992 và những dòng nước hoa mới nhất được tung ra thị trường từ năm 2014. Hãng Jesus Del Pozo  hợp tác cùng những chuyên gia nước hoa Pierre Wargnye, Marie Salamagne, Jean Christophe Herault, Celine Barel, Olivier Polge, Fabrice Pellegrin, Olivier Cresp, Alberto Morillas, Max Gavarry, Hamid Merati-Kashani, Carlos Benaim, Nicolas Beaulieu, Christophe Raynaud, Christine Nagel, Francis Kurkdjian, Violaine David and Christopher Sheldrake. "
Jaguar,https://www.thegioinuochoa.com.vn/jaguar/,"Nước hoa Jaguar hiện tại có 27 chai nước hoa được sản xuất từ 1988 đến 2015. Trong đó, nước hoa Jaguar có 21 chai nước hoa nam, 6 chai nước hoa nữ. Các mẫu nước hoa của Jaguar là sự hợp tác điều chế với các chuyên gia nước hoa Dominique Preyssas, Karine Dubreuil, Richard Herpin, Richard Ibanez, Michel Almairac, Amandine Marie, Marie Salamagne, Bernard Ellena, Maurice Roucel, Vincent Schaller, Annick Menardo, Alexandra Monet và Philippe Romano. "
Jean Charles Brosseau,https://www.thegioinuochoa.com.vn/jean-charles-brosseau/,"Hãng nước hoa Jean Charles Brosseau hiện có khoảng 15 loại nước hoa, dòng nước hoa đầu tiên ra mắt năm 1981 và những dòng nước hoa mới nhất được tung ra thị trường từ năm 2015. Hãng Jean Charles Brosseau hợp tác cùng những chuyên gia nước hoa Thomas Fontaine, Pierre Bourdon, Martin Pallix, Nathalie Lorson and Francoise Caron. "
Jean Paul Gaultier,https://www.thegioinuochoa.com.vn/jean-paul-gaultier/,"Trong hơn 20 năm qua, Jean Paul Gaultier luôn tạo ra một phong cách đặc biệt vượt qua cả các nguyên tắc thời trang thông thường nhất về những gì nên và không nên mặc. Gaultier đổi mới và tái thiết kế lại những gì đã lỗi mốt, từ đó mang đến những bộ sưu tập mang phong cách hiện đại thách thức cả những quy tắc thời trang. Cho rằng “nước hoa là thứ quần áo đầu tiên chúng ta khoác lên người”, những mùi hương mang phong cách thú vị, táo bạo và truyền cảm của Gaultier được pha trộn từ những nguyên liệu độc đáo, phù hợp với mọi cá tính của người dùng. Ông mang đến những loại nước hoa với mục đích nhấn mạnh những đường nét cơ thể, tăng khả năng quyến rũ bằng sự quý phái và thanh lịch, và biểu lộ những thông điệp mà làn da chúng ta thì thầm muốn nó "
Jennifer Lopez,https://www.thegioinuochoa.com.vn/jennifer-lopez/,"ennifer Lopez bắt đầu sản xuất nước hoa từ năm 2002. Cô được coi là một trong những nghệ sĩ khởi đầu phong trào này và đã đạt được nhiều thành công. Nhãn hiệu đầu tiên của J.Lo có tên Glow by J.Lo. Những sản phẩm sau này của cô với nhiều mùi hương quyến rũ, trẻ trung đều bán rất chạy và được mọi người yêu thích "
Jimmy Choo,https://www.thegioinuochoa.com.vn/jimmy-choo/,"Jimmy Choo là nhà thiết kế giày dép thời trang người Malaysia. Công ty của ông thành lập năm 1996 đặt trụ sở tại London cùng sự hợp tác với nhà thiết kế trang sức Tamara Mellon và tạp chí British Vogue.
Hãng nước hoa Jimmy Choo hiện có khoảng 14 loại nước hoa, Jimmy Choo là một thương hiệu nước hoa mới. Dòng nước hoa đầu tiên ra mắt năm 2011 và những dòng nước hoa mới nhất được tung ra thị trường từ năm 2015. Hãng Jimmy Choo hợp tác cùng những chuyên gia nước hoa Christine Nagel, Anne Flipo, Olivier Polge, Veronique Nyberg and Domitille Bertier. "
John Richmond,https://www.thegioinuochoa.com.vn/john-richmond/,"John Richmond là hãng nước hoa Vương Quốc Anh. Hãng nước hoa này là thương hiệu con của Idesa Parfums. John Richmond (sinh năm 1960 tại Manchester, Anh) là một nhà thiết kế thời trang người Anh làm việc tại Ý. Năm 1984, ông đã tạo ra thương hiệu The Richmond-Cornejo cùng với Maria Cornejo. Từ năm 1987, Richmond đã lập công ty riêng và đã cho ra mắt ba dòng sản phẩm: John Richmond, Richmond X và Richmond Denim. Chai nước hoa đầu tiên của ông mang tên John Richmond Eau de Parfum đã được tung ra vào năm 2009. "
John Varvatos,https://www.thegioinuochoa.com.vn/john-varvatos/,"John Varvatos là hãng nước hoa Mỹ. Nước Hoa của John Varvatos là sự hợp tác của perfumers John Varvatos và Rodrigo Flores-Roux. Dòng nước hoa được ra mắt sớm nhất vào năm 2004 và gần đây nhất là vào năm 2016. Nước hoa John Varvatos được hợp tác và điều chế bởi những nhà pha chế nổi tiếng như Rodrigo Flores-Roux, John Varvatos. "
Joop,https://www.thegioinuochoa.com.vn/joop/,"Các phiên bản nước hoa sớm nhất đã được tạo ra vào năm 1987 và mới nhất là từ năm 2014. Joop! nước hoa đã được thực hiện trong sự hợp tác với các nghệ nhân nước hoa Creations AROMATIQUES, Michel Almairac, Sophie Labbe, Alienor Massenet, Benoist Lapouza, Christophe Raynaud, Veronique Nyberg, Olivier Polge, Francis Kurkdjian, Gilles Romey, Louise Turner, Calice Becker và Michel Girard. "
Juicy Couture,https://www.thegioinuochoa.com.vn/juicy-couture/,"Juicy Couture là hãng nước hoa Mỹ. Nước hoa Juicy Couture có tổng cộng 29 chai, trong đó có 1 chai nước hoa nam, 28 chai nước hoa nữ. Dòng nước hoa ra mắt sớm nhất vào năm 2006 và gần đây nhất là vào năm 2017. Nước hoa Juicy Couture được hợp tác và điều chế bởi những nhà pha chế nổi tiếng như Harry Fremont, Bertrand Duchaufour, Rodrigo Flores-Roux, Honorine Blanc, Dora Baghriche. Juicy Couture nằm trong TOP 100 hãng nước hoa nổi tiếng nhất thế giới. "
Karl Lagerfeld,https://www.thegioinuochoa.com.vn/karl-lagerfeld/,"Các phiên bản nước hoa sớm nhất đã được tạo ra vào năm 1978 và mới nhất là từ năm 2015. Nước hoa Karl Lagerfeld đã được thực hiện trong sự hợp tác với các nghệ nhân nước hoa Emilie (Bevierre) Coppermann, Mark Buxton, Olivier Cresp, Jean-Christophe Herault, Serge Majoullier, Cecile Matton, Christophe Raynaud, Firmenich , Ron Winnegrad, Christine Nagel, Pascal Gaurin, Bruno Jovanovic, Sandrine Malin và Sophia Grojsman. "
Kenzo,https://www.thegioinuochoa.com.vn/kenzo/,"Kenzo luôn cống hiến để hướng tới một thế giới đa văn hóa, một thế giới của màu sắc và cái đẹp, với niềm rung cảm trước thiên nhiên, và cũng là một nguồn cảm hứng không bao giờ tắt. Cổ điển, tân thời, và một chút gì đó hư ảo, nước hoa Kenzo ra đời dựa trên cơ sở của những giá trị về cuộc sống, sinh lực, mang đến một trạng thái cân bằng tâm lý sâu đậm trong lòng người. "
Kilian,https://www.thegioinuochoa.com.vn/kilian/,"ọi người luôn thắc mắc tất cả các thương hiệu thời trang đều có riêng cho mình một hay nhiều thương hiệu nước hoa, như Hermes, Dior, Chanel, Gucci... Tại sao ông Vua thời trang LOUIS VUITTON lại không có riêng cho mình một thương hiệu nước hoa nào trong khi họ còn làm chủ và đã mua lại rất nhiều các thương hiệu lớn như : Givenchy...KILIAN nhà sản xuất nước hoa cao cấp, thương hiệu mới của tập đoàn LOUIS VUITTON và cũng là cháu của người đông sáng lập tập đoàn LOUIS VUITTON, KILIAN HENNESSY ông chủ tập đoàn rươu cognac lừng danh.... "
Lacoste,https://www.thegioinuochoa.com.vn/lacoste/,"ào năm 1933, khi logo của hãng được thêu trên mặt áo lần đầu tiên, Rene Lacoste đã phát hiện ra sức mạnh của hình ảnh con cá sấu. Nhiều thập kỷ sau đó logo này của ông đã trở thành một hình tượng có sức hút to lớn trong cuộc sống. Năm 1984, Nuoc hoa Lacoste Pour Homme được giới thiệu đến những người hâm mộ Rene Lacoste, đó là những người đàn ông tôn sùng phong cách được ẩn chứa dưới hình ảnh một con cá sấu: phong cách sang trọng, thanh lịch và tự tin. "
Lancôme,https://www.thegioinuochoa.com.vn/lancome/,"ới Lancôme, phong cách không chỉ là xu hướng, mà chính là một cách làm đẹp hơn cho cuộc sống . Từ những sản phẩm dưỡng da chất lượng cao cho đến mỹ phẩm thời trang, các sản phẩm chống nắng và dưỡng thể khác của nhãn hiệu này, phần lớn trong số đó đã đạt được những giải thưởng danh tiếng và được mọi phụ nữ tin dùng. Qua đó cho thấy sức mạnh của công nghệ tiên tiến, sự lay động giác quan, và nghệ thuật của cuộc sống - tạo nên một phong cách luôn được tìm thấy ở Lancôme: nữ tính, sinh động và đầy đam mê. Cũng như loài hoa được lấy làm biểu tượng cho nhãn hiệu: hoa hồng, nước hoa Lancôme luôn mang đến một sự lịch lãm và truyền cảm cho tất cả mọi người. "
Langé,https://www.thegioinuochoa.com.vn/lange/,"Được thành lập vào năm 2005, LANGÉ PARIS là một công ty chuyên về sản phẩm chăm sóc da và nước hoa có nguồn gốc từ thiên nhiên với 10 dòng sản phẩm làm đẹp cao cấp. Tất cả các thành phần trong sản phẩm đều được lựa chọn nghiêm ngặt nhằm mang lại kết quả tốt nhất và được sản xuất tại Thung lũng Mỹ phẩm Pháp (French Cosmetic Valley) – trung tâm nghiên cứu mỹ phẩm lớn nhất thế giới. Các sản phẩm LANGÉ PARIS được kiểm tra trong các điều kiện khắc nghiệt để bảo đảm toàn diện cho bạn. Đồng thời, các xét nghiệm không bao giờ được thực hiện trên động vật. Việc sử dụng thường xuyên và đúng cách các sản phẩm chăm sóc LANGÉ PARIS sẽ mang lại cho bạn một làn da tuyệt vời, khỏe mạnh. "
Lanvin,https://www.thegioinuochoa.com.vn/lanvin/,"Jeanne Lanvin sinh năm 1867 và mất năm 1946. Bà đã thành lập công ty Rue du Faubourg Saint Honoré năm 1889 khi bà 22 tuổi, và đây là hãng thời trang lâu đời nhất của Pháp. Ở tuổi 13, Jeanne Lanvin đã bộc lộ tài cắt may của mình. Năm 1883 khi được 16 tuổi, bà được nhận vào làm ở một xưởng làm nón và nhanh chóng từ chân học việc đã trở thành thợ cả. Năm 1885 bà đã mở được tiệm riêng. Ba tháng sau, cửa hàng nhỏ bé trên đường Marché Saint Honoré không đủ đáp ứng đơn đặt hàng. Bốn năm sau bà đã nổi tiếng là một nhà thiết kế tài ba. Bà đã thành lập công ty Rue du Faubourg Saint Honoré năm 1889 khi bà 22 tuổi, và đây là hãng thời trang lâu đời nhất của Pháp. "
Le Labo,https://www.thegioinuochoa.com.vn/le-labo/,
Lifetrons,https://www.thegioinuochoa.com.vn/lifetrons/,
Lolita Lempicka,https://www.thegioinuochoa.com.vn/lolita-lempicka/,"ái tên Lolita Lempicka mời gọi chúng ta vào cuộc phiêu lưu khám phá sự nữ tính, một cuộc phiêu lưu vô cùng gợi cảm và chứa đầy những điều mới lạ. Cũng như chính bản thân nhà thiết kế, những mẫu quần áo của cô luôn mang đậm nghệ thuật tương phản, từ đó mang đến một nét thanh tú trang nhã nhưng cũng vô cùng quyến rũ. Và như thế, bộ sưu tập nước hoa Lolita Lempicka là sự pha trộn giữa sự tương phản nhẹ nhàng và sắc thái huyền ảo tinh tế. "
Louis Vuitton,https://www.thegioinuochoa.com.vn/louis-vuitton/,"Louis Vuitton là hãng nước hoa Pháp. Những chai nước hoa đầu tiên đóng mác Louis Vuitton có từ đầu thế kỷ 20 với những cái tên ngọt ngào như: Heures d’Absence, Réminiscences hay Eau de voyage. Tuy nhiên, những mùi hương này đã hoàn toàn tan biến để tạo nên một thế giới mùi hương mới mẻ mang tên Les Parfums Louis Vuitton. Dẫn đường bởi tinh thần ngao du và niềm đam mê khám phá, dòng nước hoa đầu tiên của Louis Vuitton mang tới 7 mùi hương, 7 hành trình khám phá cho khứu giác, 7 sáng tạo sẽ đưa người phụ nữ tới tới bất kỳ nơi nào với hành trình khởi nguồn từ làn da. Ra đời muộn hơn so với những hãng thời trang cao cấp khác, nhưng với Jacques Cavallier Belletrud, người đã tạo nên hơn 80 loại nước hoa cho những nhãn hàng lớn như Christian Dior, Givenchy, YSL, Issey Miyake và cả Jean Paul Gaultier, Jacques mất hơn 4 năm tìm kiếm cảm hứng để tạo nên Les Parfums Louis Vuitton. "
Mancera,https://www.thegioinuochoa.com.vn/mancera/,"Mancera là hãng nước hoa Pháp. Hãng nước hoa Pierre Mancera mở một cửa hàng nước hoa sang trọng của mình tại Place Vendome, Paris. Những mẫu nước hoa của Mancera được điều chế từ những nguyên liệu quý giá và sang trọng, những chất liệu quí hiếm và tinh tế, lấy cảm hứng từ thiết kế của Art Deco. "
Marc Jacobs,https://www.thegioinuochoa.com.vn/marc-jacobs/,"arc Jacobs bắt đầu sự nghiệp của mình từ khi ông còn là sinh viên trường thiết kế Parsons. Năm 1995, cửa hàng Marc Jacobs đầu tiên được khai trương tại quận Soho ở New York. Từ lúc đó đến nay, hệ thống phân phối của cửa hàng đã ngày càng mở rộng và giờ đây có mặt ở khắp mọi nơi trên thế giới, với những thiết kế thời trang dành cho cả nam lẫn nữ, những sản phẩm bằng da, giày dép và giờ đây là nước hoa. Nhãn hiệu này ngày càng phát triển trong khi vẫn duy trì được chất lượng tiêu chuẩn cũng như sự đam mê rất thật dành cho thời trang của mình. "
Mariah Carey,https://www.thegioinuochoa.com.vn/mariah-carey/,"Mariah Carey là hãng nước hoa Mỹ. Hãng nước hoa này là thương hiệu con của Elizabeth Arden. Mariah Carey là một ca sĩ nhạc pop người Mỹ nổi tiếng với âm vực trải dài 5 quãng tám cùng những nốt cao ngất ngưỡng mà không ai có thể làm được. Năm 1990, cô giành được 2 giải Grammy và đặt nền tảng cho sự nghiệp thành công rực rỡ của mình trong những năm 1990 và những năm 2000. Cô là một trong những nữ nghệ sĩ âm nhạc có số lượng đĩa bán chạy nhất và được mệnh danh là Nghệ sĩ của Thập kỷ (1990). Cô được nhận giải thưởng Chopard Diamond Award năm 2003 cho doanh thu âm nhạc khổng lồ với hơn 100 triệu đĩa hát trên toàn thế giới. Năm 2007, cô hợp tác với hãng Elizabeth Arden để cho ra đời dòng nước hoa đầu tiên của riêng mình mang tên M. Sau đó, Mariah Carey tiếp tục giới thiệu một loạt những dòng nước hoa mới và gặt hái được nhiều thành công. "
Mercedes Benz,https://www.thegioinuochoa.com.vn/mercedes-benz/,"Mercedes-Benz là hãng nước hoa Đức. Dòng nước hoa của thương hiệu sản xuất xe hơi cao cấp Mercedes-Benz được bắt đầu vào năm 2012. Dòng nước hoa này được tinh chế bởi chính tay nhà điều chế nước hoa tài ba Olivier Cresp với những hương thơm của gỗ và hoa, hoàn hảo cho những ai muốn cảm nhận một mùi hương tươi mát suốt một ngày dài. Với dòng nước hoa này, thương hiệu muốn hoàn thiện lối sống sang trọng mà thương hiệu Benz mang lại từ phong cách đến mùi hương. Nước hoa Mercedes-Benz được hợp tác và điều chế bởi những nhà pha chế nổi tiếng như Alberto Morillas, Olivier Cresp, Michel Almairac, Harry Fremont, Honorine Blanc, Annie Buzantian "
Michael Kors,https://www.thegioinuochoa.com.vn/michael-kors/,"Michael Kors là hãng nước hoa Mỹ. Hãng nước hoa này là thương hiệu con của Estee Lauder. Michael Kors cho ra đời những dòng nước hoa của mình thông qua sự hợp tác với Estee Lauder. Ông đã giới thiệu dòng nước hoa đầu tiên mang tên Michael dành cho phụ nữ vào năm 2001. Nước hoa Michael Kors được hợp tác và điều chế bởi những nhà pha chế nổi tiếng như Harry Fremont, Aurelien Guichard, Loc Dong, Honorine Blanc, Christophe Raynaud, Bruno Jovanovic, Steve Demercado, Laurent Le Guernec, Jean-Marc Chaillan, Olivier Gillotin… "
Minus 417,https://www.thegioinuochoa.com.vn/minus417/,null
Miss Essence,https://www.thegioinuochoa.com.vn/miss-essence/,"Lấy cảm hứng từ nét đẹp của Sài Gòn, bộ sưu tập nước hoa Miss Saigon The Essence là sự hoà quyện những mùi hương tinh tuý thiên nhiên, từ hương hoa nồng nàn, gỗ ấm áp đến trái cây ngọt ngào với nguyên liệu hoàn toàn từ nước Pháp để làm nổi bật tinh thần truyền thống giao hòa cùng nét hiện đại của Hòn Ngọc Viễn Đông. "
Miss Saigon,https://www.thegioinuochoa.com.vn/miss-vietnam/,"Chai nước hoa ấn tượng với tạo hình thiếu nữ dịu dàng trong chiếc áo dài có họa tiết hoa lan điểm xuyết trên nền gốm bạch ngọc cao cấp của Minh Long. Hình ảnh này gắn liền với nước hoa Miss Saigon như thổi hồn hương xưa vào tâm trí của ngươi tiêu dùng, đặc biệt là người dân Sài Gòn. Nước hoa Miss Saigon là tâm huyết của Công ty Mỹ phẩm Sài Gòn, một cái tên có bề dày lịch sử với tiền thân là hãng nước hoa Imortel danh tiếng của những năm 50 thế kỷ trước. Với người Việt, Miss Saigon không như một thương phẩm thông thường, mà nó mang hương xưa của xứ Tràng An, Cố đô và vùng đất Gia Định – Chợ Lớn, gợi lại quá khứ vương vấn trong đời sống phố thị. "
Missoni,https://www.thegioinuochoa.com.vn/missoni/,"Missoni là hãng nước hoa Ý. Nước hoa Missoni có tổng cộng 16 chai , trong đó, Missoni có 4 chai nước hoa nam, 12 chai nước hoa nữ. Dòng nước hoa được ra mắt sớm nhất vào năm 1981 và gần đây nhất là vào năm 2017. Nước hoa Missoni được hợp tác và điều chế bởi những nhà pha chế nổi tiếng như Maurice Roucel, Enzo Galardi, Quentin Bisch, Trudi Loren, Tristan Brando. "
Miu Miu,https://www.thegioinuochoa.com.vn/miu-miu/,"Thương hiệu Miu Miu trực thuộc thương hiệu thời trang Prada và được nhà thiết kế Miuccia Prada sáng lập. Phong cách mà thương hiệu Miu Miu hướng tới là sự gợi cảm, tinh nghịch và ấn tượng. Miuccia Prada cho biết, Miu Miu không cầu kì, tinh xảo và tỉ mỉ như Prada. Các thiết kế của Miu Miu có tính ứng dụng cao và gần gũi với người tiêu dùng. Trên cùng một cảm hứng sáng tạo, Miuccia sẽ đưa vào Prada sự cao cấp, sang trọng và dành cho Miu Miu sự giản dị, tiết chế và có phần phổ biến hơn. Tuy vậy, Miu Miu vẫn được Miuccia Prada chăm chút và đầu tư không thua kém thương hiệu Prada, với các chiến dịch quảng cáo, những bộ sưu tập ra đều đặn từng mùa và có mặt ở các sàn diễn thời trang quốc tế. Miu Miu cũng nổi tiếng với dòng sản phẩm kính mát. Dòng kính Miu Miu Noir kiểu dáng ""cat eye"" rất được các ngôi sao và fashionista trên thế giới như Chiarra Feraggni, Maddona, Kim Kaardashian, Miranda Kerr…ưa chuộng. Hay sản phẩm kính mát Culte có thiết kế hình ngũ giác lạ mắt đã ngay lập tức trở thành biểu tượng thời trang khi vừa ra mắt và luôn được Rihanna, Dianna Agron mang theo bên mình. "
M.O.I,https://www.thegioinuochoa.com.vn/moi/,
Mont Blanc,https://www.thegioinuochoa.com.vn/mont-blanc/,"Montblanc (đôi khi được gọi là Mont Blanc trên sản phẩm cũ hơn) là một công ty của Đức được biết đến cho các nhạc cụ bằng văn bản tốt đẹp của nó và các hàng hóa xa xỉ.
 
Được thành lập vào năm 1908 bởi người xuất bản Claus Johannes Voss, chủ ngân hàng Alfred Tháng Tám Eberstein Nehemias và kỹ sư, công ty bắt đầu là công ty Simplo Filler Pen. Bút cao cấp ở Hamburg, một cây bút được sản xuất vào năm 1910 sau này sẽ cung cấp cho các công ty tên mới của nó: các Montblanc. "
Moschino,https://www.thegioinuochoa.com.vn/moschino/,"hông xuất chúng như Valentino, cũng không nhiều giải thưởng về thiết kế như Versace nhưng Moschino vẫn luôn là cái tên được giới thời trang Ý và thế giới nể trọng. Đi ngược với mọi thứ được coi là chuẩn mực của thời trang, Moschino hiểu được khách hàng mong muốn gì khi chọn trang phục, đi đúng thị hiếu, tiên phong trong việc sáng tạo ra những kiểu cách khác thường. "
Narciso Rodriguez,https://www.thegioinuochoa.com.vn/narciso-rodriguez/,"Narciso Rodriguez là hãng nước hoa Mỹ. Narciso Rodriguez đã hợp tác cùng thương hiệu Beaute Prestige International của tập đoàn Shiseido để cho ra đời dòng nước hoa đầu tiên của mình mang tên For Her vào năm 2003. Thương hiệu nước hoa dành cho nam For Him được ra mắt vào năm 2007. Nước hoa Narciso Rodriguez được hợp tác và điều chế bởi những nhà pha chế nổi tiếng như Alberto Morillas, Francis Kurkdjian, Christine Nagel, Calice Becker, Aurelien Guichard, Sonia Constant. Narciso Rodriguez nằm trong TOP 100 hãng nước hoa nổi tiếng nhất thế giới. "
Nautica,https://www.thegioinuochoa.com.vn/nautica/,"Hiện tại Nautica có khoảng 20 loại nước hoa. Các phiên bản nước hoa sớm nhất đã được tạo ra vào năm 1992 và mới nhất là từ năm 2014. Nước hoa Nautica đã được thực hiện trong sự hợp tác với nghệ nhân nước hoa Harry Fremont, Maurice Roucel, Patricia Bilodeau và Michel Mane. "
Nina Ricci,https://www.thegioinuochoa.com.vn/nina-ricci/,"Truyền thống nhà Ricci có nguồn gốc từ một trong những thợ may y phục nữ nổi tiếng nhất ở Pháp, Nina Ricci, người thành lập nhà Ricci vào năm 1932. Với bản năng của một người phụ nữ, bà Ricci biết rất rõ làm cách nào để làm nổi bật cá tính của khách hàng bằng những trang phục được thiết kế đặc biệt nhờ vào sự kết hợp giữa tính truyền thống, vẻ đẹp nữ tính, nét giản đơn và sự tinh tế.Ngày nay, được dẫn dắt bởi nhà tạo mẫu trứ danh và đầy sáng tạo Olivier Theyskens, những thiết kế của Ricci được các ngôi sao lựa chọn để bước đi trên thảm đỏ, và sản phẩm nước hoa mới với mùi hương kì diệu góp mặt vào bộ sưu tập L’Air du Temps, chúng ta chờ đợi để thấy một sự nữ tính nổi trội hoàn toàn Nina Ricci. Từ những sự khởi đầu đơn giản đi đến một sự tiếp xúc hiện đại, bạn có thể thấy lại hình ảnh của Nina Ricci của những thập niên trước đây, đồng thời được khám phá một hình ảnh Nina Ricci hoàn toàn mới mẻ. "
Notes of Mekong,https://www.thegioinuochoa.com.vn/notes-of-mekong/,"Nước hoa Notes of Mekong – bộ sưu tập mùi hương về dòng sông quê nhà. Ba mùi hương trong bộ sưu tập Notes Of Mekong lột tả được những tinh túy của dòng sông Mekong trong nỗi nhớ. Mỗi hương thơm là một cá tính vừa khác biệt, vừa bổ sung cho nhau, khiến bất kỳ ai cũng có thể trải nghiệm qua để thể hiện dấu ấn của bản thân, và để thêm yêu vùng đất phương Nam chân tình, mộc mạc nhưng cũng đầy sức sống mãnh liệt này. Notes of Mekong được phát triển bởi nhà chế tạo hương hàng đầu thế giới Firmenich, nhà sáng tạo mỹ thuật nước hoa Centdegres và công ty Mỹ phẩm Sài Gòn SCC. "
Nuoc Hoa Xe Hoi,https://www.thegioinuochoa.com.vn/nuoc-hoa-xe-hoi/,"Sở dĩ nước hoa xe hơi được gọi là  “nghệ thuật của sự im lặng” vì nó không chỉ đem lại sự thoải mái, dễ chịu mà còn là thông điệp thể hiện đẳng cấp và cái “tôi” của chủ xe. Do vậy, cùng với việc lựa chọn những phụ kiện đồ chơi đắt tiền để trang bị cho chiếc xe cưng thì việc chọn lựa một loại nước hoa dành cho xe hơi  thật sự phù hợp cho bản thân và những người đi cùng luôn là mối quan tâm của người sở hữu “xế hộp”. "
ODORI D'ANIMA,https://www.thegioinuochoa.com.vn/odori-d-anima/,
Orising,https://www.thegioinuochoa.com.vn/orising/,"Thương hiệu Orising ra đời năm 1998 tại Ý, chuyên về các sản phẩm chăm sóc tóc tự nhiên vô cùng được ưa chuộng. Không lâu sau, Orising tiếp tục ra mắt dòng sản phẩm chăm sóc da chuyên nghiệp mới chống lão hóa cao cấp chứa vàng 24K, Ectoin, Protein tơ tằm, Peptide Biomimetic… với lượng tiêu thụ lớn, được đánh giá cao trên toàn thế giới.
Hiện thương hiệu Orising đã có mặt tại hơn 40 quốc gia như Nga, Ukraine, Thổ Nhĩ Kỳ, Kazakhstan, Saudia Arabia, Kuwait, Singapore, Úc… và đến nay là Việt Nam (do công ty Thế Giới Nước Hoa phân phối độc quyền). "
Paco Rabanne,https://www.thegioinuochoa.com.vn/paco-rabanne/,"Paco Rabanne đã kịp đi trước rất nhiều năm so với thời đại của ông trong ngành thời trang. Nhờ vào tài năng của mình, ông mang đến một định nghĩa mới từ cái mà ông cho rằng kém thích nghi so với thời bấy giờ, và từ đó cho ta thấy thời trang là để thể hiện cá tính của bản thân chứ không phải để chứng tỏ đẳng cấp xã hội. Ngay cả tâm hồn của bạn cũng có thể có những bộ trang phục riêng. Sự tiếp cận với nước hoa của Paco Rabanne cho thấy một nguyên lý theo như lời ông nói: “Tôi tin rằng việc thời trang và nước hoa có thể gắn kết chặt chẽ với thời đại là một chuyện vô cùng quan trọng. Những thiết kế của tôi chính là dành cho những phụ nữ hiện đại, năng động, những người phụ nữ đến từ mặt trời.” "
Parfums Lively,https://www.thegioinuochoa.com.vn/parfums-lively/,
Parfums Marline,https://www.thegioinuochoa.com.vn/parfums-marline/,"Parfums Marline là thương hiệu nước hoa Pháp. Tao nhã và quý phái, mùi hương của Marline được các quý cô yêu thích bởi sự nhẹ nhàng, mềm mại, nữ tính. "
Parour,https://www.thegioinuochoa.com.vn/parour/,"Thành lập năm 1986 tại Paris, đến nay đã được công nhận tại hơn 90 quốc gia và toàn châu lục, La Maison Parfums Parour đánh dấu ngành nước hoa hiện đại với những sản phẩm mang tính sáng tạo cao cùng sự đầu tư nghiêm túc.Lấy cảm hứng từ sự đổi mới, tinh tế và sang trọng của Paris – kinh đô thời trang và hàng xa xỉ, toàn bộ sản phẩm của Parour là sự kết hợp đỉnh cao giữa bí quyết bào chế mùi hương và nguồn nguyên liệu thượng hạng. Các dòng sản phẩm cho nữ là hiện thân của sự sang trọng đương đại và phong cách vượt thời gian, được ví như 1 bài thánh ca dâng tặng đến 1 nửa của thế giới nhằm tôn vinh sự thành đạt, vẻ xinh đẹp, tất cả mọi thứ đều hướng về một cuộc sống tươi đẹp trong hiện tại và tương lai. Trong khi đó vẻ đẹp hào phóng, sự mạnh mẽ và chất đàn ông luôn được tôn vinh trong các dòng sản phẩm cho nam, xịt lên người nước hoa Parour các quý ông như ướp lên mình những giọt tinh túy của thời trang – thứ vô hình nhưng tồn tại vĩnh cửu trong tâm trí khứu giác.
"
Perris Monte Carlo,https://www.thegioinuochoa.com.vn/perris-monte-carlo/,"Perris Monte Carlo là hãng nước hoa Monaco. Bộ sưu tập nước hoa The Perris monte Carlo đã được ra đời nhằm kích thích sự tò mò của người tiêu dùng bằng những mùi hương phong phú và tính tế, được tạo nên từ những nguyên liệu thô cao quý nhất. Trong mọi nền văn hóa, vàng được dùng để thể hiện quyền lực, của cải, sự thành đạt, sự xa xỉ, vàng còn là màu sắc của sự uy tín và thậm chí còn được đánh giá ngang với các loại đá quý. Vàng xuất hiện ở khắp mọi nơi: từ thiết kế nhà cửa, quần áo, phụ kiện, đến thời trang và nước hoa. Để nhấn mạnh chất lượng và sự độc đáo của nguyên liệu quý giá này, Perris Monte Carlo đã tạo nên những bao bì tinh tế toát lên một ánh vàng sáng bóng. Được phủ bằng một màu vàng kim từ đầu đến chân, những chai nước hoa trong bộ sưu tập Perris Monte Carlo toát lên một sự thanh tao, quý phái và cả hiện đại. Nước hoa Perris Monte Carlo có tổng cộng 16 chai, trong đó có 1 chai nước hoa nữ, 15 chai nước hoa unisex (dành cho cả nam lẫn nữ). Dòng nước hoa được ra mắt sớm nhất vào năm 2012 và gần đây nhất là vào năm 2016. Nước hoa Perris Monte Carlo được hợp tác và điều chế bởi những nhà pha chế nổi tiếng như Luca Maffei "
Playboy,https://www.thegioinuochoa.com.vn/playboy/,"Hãng Playboy hiện có khoảng 25 loại nước hoa, Playboy là một thương hiệu nước hoa mới. Dòng nước hoa đầu tiên ra mắt năm 2009 và những dòng nước hoa mới nhất được tung ra thị trường từ năm 2015. Hãng Playboy hợp tác cùng những chuyên gia nước hoa Lucas Sieuzac, Guillaume Flavigny, Nathalie Lorson, Alienor Massenet, Juliette Karagueuzoglou, Alexandra Kosinski, John Gamba, Dirk Braun, Jack Agran, Fabrice Pellegrin and Vincent Kuczinski. "
Porsche Design,https://www.thegioinuochoa.com.vn/porsche-design/,"Vào năm 1994, bộ phận bán hàng của Porsche AG được đổi tên thành “Porsche Selection”, và sau đó là “Porsche Design Driver’s Selection” trong năm 2004. Cửa hàng trên mạng của công ty đã đi vào hoạt động từ năm 2000 và nhờ thế mà các sản phẩm của công ty được giới thiệu và bán cho nhóm khách hàng lớn hơn. Porsche bước chân vào thế giới nước hoa vào năm 2009 với sự ra mắt của những chai nước hoa nam đầy tao nhã.
Nước hoa Porsche Design hiện tại có 7 chai nước hoa được sản xuất từ 2009 đến 2013. Trong đó, nước hoa Porsche Design có 6 chai nước hoa nam, 1 chai nước hoa nữ "
Prada,https://www.thegioinuochoa.com.vn/prada/,"Prada là hãng nước hoa Ý. Nước hoa Prada có tổng cộng 70 chai, trong đó có 12 chai nước hoa nam, 29 chai nước hoa nữ, 29 chai nước hoa unisex (dành cho cả nam lẫn nữ). Dòng nước hoa được ra mắt sớm nhất vào năm 1990 và gần đây nhất là vào năm 2017. Nước hoa Prada được hợp tác và điều chế bởi những nhà pha chế nổi tiếng như Carlos Benaim, Daniela (Roche) Andrier, Clement Gavarry, Maurizio Cerizza, Max Gavarry, Jeanne Sandra Rance, Miuccia Prada. Prada nằm trong TOP 50 hãng nước hoa nổi tiếng nhất thế giới. "
Ralph Lauren,https://www.thegioinuochoa.com.vn/ralph-lauren/,"Là một trong những nhà thiết kế nổi tiếng nhất ở Mỹ, Ralph Lauren chính là sự thể hiện cho nét thanh lịch không bao giờ thay đổi. Từ bộ sưu tập cravat vào năm 1967, đến nay nhãn hiệu Ralph Lauren đã phát triển ra khắp thế giới với nhiều sản phẩm khác nhau. Năm 1978, lần đầu tiên có sự kiện 2 loại nước hoa dành cho nam và nữ được giới thiệu cùng lúc khi Ralph Lauren mang đến nước hoa Polo cho phái nam và Lauren dành cho nữ. Cả hai loại nước hoa này đều trở thành mùi hương kinh điển trên toàn thế giới. Ngày nay, bộ sưu tập của nước hoa nổi tiếng và đạt nhiều giải thưởng của Ralph Lauren vẫn được bổ sung thêm những mùi hương mới, mỗi hương thể hiện một cá tính đặc trưng và một phong cách sống khác nhau theo truyền thống nhà Ralph Lauren. "
Reem Acra,https://www.thegioinuochoa.com.vn/reem-acra/,"Arca rất lấy làm thích thú khi có thể giúp những người phụ nữ trong và cảm thấy mình thật đẹp. Những thiết kế lộng lẫy của cô được phát triển với một gu thẩm mỹ khá hiện đại. Các sản phẩm mà cô làm ra đều phản ánh lên được chất lượng, thu hút sự chú ý của giới khách hàng nữ và cả một số những người nổi tiếng, những người trong giới hoàng gia, và nhưng người đi đầu trong xu hướng thời trang. Phòng trưng bày của Reem Arca ngũ tại 740 Fifth Avenue của thành phố New York.
Nước hoa Reem Acra hiện có 1 chai nước hoa nữ được sản xuất vào năm 2012.  "
Roberto Cavalli,https://www.thegioinuochoa.com.vn/roberto-cavalli/,"Hãng nước hoa Roberto Cavalli hiện có khoảng 28 loại nước hoa, dòng nước hoa đầu tiên ra mắt năm 2002 và những dòng nước hoa mới nhất được tung ra thị trường từ năm 2015. Hãng Roberto Cavalli hợp tác cùng những chuyên gia nước hoa Olivier Polge, Nathalie Lorson, Fabrice Pellegrin, Olivier Cresp, Domitille Bertier, Karine Dubreuil, Jean-Charles Niel, Clement Gavarry, Mathilde Bijaoui, Louise Turner, Alberto Morillas, Maurice Roucel and Jacques Cavallier "
Parfums De Marly,https://www.thegioinuochoa.com.vn/royal-essence/,"Parfums de Marly là một thương hiệu nước hoa Niche của Pháp, xa xỉ và tinh tế, được tạo thành từ nguyên liệu quý và hiếm trên khắp thế giới, khả năng lưu hương lâu đến khó tin với hương thơm sáng tạo tuyệt vời. Được thành lập vào năm 2009, dựa trên câu chuyện đầy cảm hứng về triều đại thịnh vượng của vua Louis XV, vị vua có hai đam mê lớn trong cuộc đời là nước hoa và ngựa. Parfums de Marly được đặt dựa theo tên ""La Cour Marly"", là nơi bảo tồn và lưu trữ những mùi hương nước hoa đầu tiên được dùng trong hoàng gia Louis, ngày nay được đặt trong bảo tàng Louvre tại Pháp, và logo của chai nước hoa đặt theo sở thích cưỡi ngựa của ông. Parfums de Marly đã làm sống lại một thời kỳ hưng thịnh của dòng nước hoa cao cấp dành cho giới quý tộc và hoàng tộc trong lịch sử nước Pháp. Hiện Parfums de Marly có mặt tại hơn 60 quốc gia ở 4 lục địa. "
Salvatore Ferragamo,https://www.thegioinuochoa.com.vn/salvatore-ferragamo/,"alvatore Ferragamo (June 5,1898 – August 7, 1960) là nhà thiết kế giầy dép nổi tiếng thế giới người Ý. Ông sinh tại thành phố Florence. Thập niên 20, ông lập nghiệp ở Hollywood, kinh đô của ánh sáng. Các sản phẩm của ông được rất nhiều minh tinh màn bạc yêu thích, như Marilyn Monroe, huyền thoại của điện ảnh thế giới. Sau đó ông trở về Ý, mở công ty chuyên sản xuất mặt hàng giầy dép độc quyền với các sản phẩm độc đáo, như giầy cao gót đế xuồng (wedge heels) và giầy cao gót lồng (cage heels). Nhà thiết kế Salvatore Ferragamo cho ra mắt 24 sản phẩm trong bộ sưu tập nước hoa của mình, với các sản phẩm cao cấp từ năm 1998 và mới nhất là năm 2011. Sản phẩm là sự kết hợp của các chuyên gia về nước hoa như Jean-Pierre Bethouart, Annick Menardo, Francis Kurkdjian, Olivier Polge, Laurent Bruyere, Beatrice Piquet, Sophie Labbe, Louise Turner, Karine Dubreuil, Jacques Cavallier, Jean-Pierre Mary and Pierre Bourdon. "
Sarah Jessica Parker,https://www.thegioinuochoa.com.vn/sarah-jessica-parker/,"Hãng Sarah Jessica Parker có 9 loại nước hoa, dòng nước hoa đầu tiên ra đời năm 2005 và những dòng nước hoa mới nhất được tung ra thị trường từ năm 2011. Hãng Sarah Jessica Parker  hợp tác cùng những chuyên gia nước hoa Ann Gottlieb, Frank Voelkl, Stephen Nilsen, Yann Vasnier, Clement Gavarry, Laurent Le Guernec and Honorine Blanc. "
Shiseido,https://www.thegioinuochoa.com.vn/shiseido/,"Shiseido là hãng nước hoa Nhật. Hãng nước hoa Shiseido hiện có hơn 40 loại nước hoa, có tổng cộng 63 chai, trong đó, Shiseido có 8 chai nước hoa nam, 51 chai nước hoa nữ, 4 chai nước hoa unisex (dành cho cả nam lẫn nữ). Dòng nước hoa được ra mắt sớm nhất vào năm 1917 và gần đây nhất là vào năm 2016. Nước hoa Shiseido được hợp tác và điều chế bởi những nhà pha chế nổi tiếng như Jacques Cavallier, Michel Almairac, Maurice Roucel, Nathalie Lorson, Christopher Sheldrake, Aurelien Guichard, Pierre Bourdon, Jean-Louis Sieuzac, Marie Salamagne, Claudette Belnavis… "
SO..?,https://www.thegioinuochoa.com.vn/so/,"So...? là hãng nước hoa của Vương Quốc Anh được thành lập từ năm 1994 với hơn 50 mùi hương phù hợp với mọi phong cách, tâm trạng và bất kỳ dịp nào, mang lại cá tính cho cuộc sống của mọi phụ nữ. Mỗi mùi hương được tạo ra với một nét riêng biệt, thiết kế độc đáo phù hợp với cá tính và tôn lên phong cách của riêng từng người. Thương hiệu So...? đã đạt được rất nhiều giải thưởng danh giá, đã có mặt ở hơn 30 quốc gia và hơn 5 châu lục khác trên thế giới. "
Suddenly,https://www.thegioinuochoa.com.vn/suddenly/,"Nước hoa nữ suddenly là một trong những sản phẩm tuyệt vời được ra mắt bởi thương hiệu đến từ nước Đức. Nếu như nói tới những loại nước hoa của quốc gia này, chắc chắn bạn sẽ nghĩ ngay tới những loại sản phẩm có chất lượng cao, đã được kiểm tra chặt chẽ mà giá cả lại cực kì phải chăng. Kể từ khi mới ra mắt, nước hoa của nhãn hiệu này đã nhanh chóng nổi bật và nhận được sự săn đón nhiệt tình của các cô nàng trên toàn thế giới. "
Swarovski,https://www.thegioinuochoa.com.vn/swarovski/,"Hãng nước hoa Swarovski có 8 loại nước hoa, dòng nươc hoa đấu tiên ra mắt năm 2011 và những dòng nước hoa mới nhất được tung ra thị trường từ năm 2014. Hãng Swarovski hợp tác cùng những chuyên gia nước hoa Olivier Cresp, Jean-Pierre Bethouart, Fabrice Pellegrin, Veronique Nyberg, Alienor Massenet và Sonia Constant. "
Thierry Mugler,https://www.thegioinuochoa.com.vn/thierry-mugler/,"uổi thơ đầy những say mê về năng lực huyền bí được tìm thấy trong các quyển truyện tranh của thập niên 50 cũng như về cái đẹp bao la ẩn chứa trong vũ trụ sâu thẳm chính là cảm hứng đằng sau những sản phẩm vô cùng sáng tạo của nhà thiết kế Thierry Mugler – bao gồm cả bộ sưu tập nước hoa nổi tiếng của ông. Kết hợp giữa sự đam mê bí ẩn và thời trang cao cấp, mỗi mùi hương đều mang dấu ấn đặc trưng của tinh thần sáng tạo rất Thierry Mugler không thể nhầm lẫn được. Từ những chai nước hoa thiết kế đặc sắc lấy cảm hứng từ vũ trụ cho đến những mùi hương được tuyển chọn cẩn thận, sự thành công của bộ sưu tập nước hoa đầy bí ẩn Thierry Mugler đã vướn xa toàn thế giới. "
Tom Ford,https://www.thegioinuochoa.com.vn/tom-ford/,"Hãng nước hoa Tom Ford có hơn 53 loại nước hoa, những dòng nước hoa đầu tiên ra mắt năm 2006 và những dòng nước hoa mới nhất được tung ra thị trường từ năm 2015. Tom Ford hợp tác cùng những chuyên gia nước hoa Givaudan, David Apel, Harry Fremont, Sonia Constant, Yves Cassar, Yann Vasnier, Calice Becker, Shyamala Maisondieu, Antoine Maisondieu, Rodrigo Flores-Roux, Olivier Gillotin, Clement Gavarry, Tom Ford và Firmenich "
Tommy Hilfiger,https://www.thegioinuochoa.com.vn/tommy-hilfiger/,"Tommy Hilfiger là hãng nước hoa Mỹ. Hãng nước hoa này là thương hiệu con của Estee Lauder. Nước hoa thương hiệu Tommy Hilfiger được sản xuất thông qua sự hợp tác với hãng Estee Lauder. Dòng nước hoa đầu tiên mang tên Tommy for Men được giới thiệu vào năm 1995. Tiếp sau đó, Tommy for Girl được ra mắt năm 1996. Cả 2 dòng nước hoa này đều là những sản phẩm bán chạy nhất của thương hiệu Tommy Hilfiger.
Nước hoa Tommy Hilfiger có tổng cộng 66 chai, trong đó, Tommy Hilfiger có 30 chai nước hoa nam, 36 chai nước hoa nữ. Dòng nước hoa được ra mắt sớm nhất vào năm 1995 và gần đây nhất là vào năm 2017. Nước hoa Tommy Hilfiger được hợp tác và điều chế bởi những nhà pha chế nổi tiếng như Alberto Morillas, Harry Fremont, Calice Becker, Aurelien Guichard, Rodrigo Flores-Roux, Annie Buzantian, Yann Vasnier, Steve Demercado, James Krivda, Christophe Laudamiel... Tommy Hilfiger nằm trong TOP 100 hãng nước hoa nổi tiếng nhất thế giới. "
Tory Burch,https://www.thegioinuochoa.com.vn/tory-burch/,Nước hoa Tory Burch hiện tại có 6 chai nước hoa nữ được sản xuất từ 2013 đến 2015.  
Tous,https://www.thegioinuochoa.com.vn/tous/,"Nước hoa Tous hiện tại có 27 chai nước hoa được sản xuất từ 2002 đến 2015. Trong đó, nước hoa Tous có 5 chai nước hoa nam, 21 chai nước hoa nữ và 1 chai nước hoa dành cho nam và nữ. Các mẫu nước hoa của Tous được thực hiện dưới sự hợp tác với các chuyên gia nước hoa như Sonia Constant, Sophie Labbe, Benoist Lapouza, Christine Nagel, Shyamala Maisondieu, Michel Girard, Stephanie de Saint-Aignan, Richard Fraysse, Nathalie Lorson, Olivier Cresp, Mark Buxton, Vincent Schaller, Alienor Massenet, Domitille Bertier, Juliette Karagueuzoglou, Daphne Bugey, Gilles Romey, Pierre Wargnye, Vincent Salaire và Veronique Nyberg. "
Trussardi,https://www.thegioinuochoa.com.vn/trussardi/,"Hãng nước hoa Trussardi có 31 loại nước hoa, dòng nước hoa đầu tiên ra mắt năm 1983 và những dòng nước hoa mới nhất được tung ra thị trường từ năm 2015. Hãng Trussardi hợp tác cùng những chuyên gia nước hoa Alberto Morillas, Alexandra Kosinski, Jean Guichard, Nathalie Lorson, Sophie Labbe, IFF, Nathalie Gracia-Cetto, Louise Turner, Lucas Sieuzac, David Apel, Daphne Bugey, Anne Flipo, Beatrice Piquet và Aurelien Guichard "
Valentino,https://www.thegioinuochoa.com.vn/valentino/,"ừ đầu thập niên 60 cho đến nay, Valetino đã thiết kế những trang phục khiến phụ nữ khắp nơi trên thế giới đẹp hơn và gợi cảm hơn. Với một tư tưởng tiên tiến, Valentino đã dùng những ý tưởng sáng tạo vô tận của mình cùng với tài năng và nhiệt huyết để cho ra đời bộ sưu tập nước hoa Valentino, gây ấn tượng sâu sắc cho mọi người. Từ những hương thơm tuyệt vời cho đến thiết kế chai độc đáo, nước hoa Valentino chính là mẫu mực cho trạng thái cân bằng hoàn hảo giữa niềm đam mê hiện đại, sự tinh tế bất biến và cảm giác lãng mạn khó cưỡng lại. "
Van Cleef and Arpels,https://www.thegioinuochoa.com.vn/van-cleef-and-arpels/,"Hãng nước hoa Van Cleef & Arpels có khoảng 48 loại nước hoa, dòng nước hoa đầu tiên ra mắt năm 1976 và những dòng nước hoa mới nhất được tung ra thị trường từ năm 2015. Hãng Van Cleef & Arpels hợp tác cùng những chuyên gia nước hoa Richard Herpin, Roger Pellegrino, Domitille Bertier, Olivier Polge, Jean-Claude Ellena, Pascal Giraux, Louis Monnet, Jacques Cavallier, Alberto Morillas, Quentin Bisch, Emilie (Bevierre) Coppermann, Antoine Maisondieu, Mark Buxton, Nathalie Feisthauer, Nathalie Gracia-Cetto, Randa Hammami, Amandine Marie, Olivier Pescheux, Evelyne Boulanger, Christophe Raynaud, Antoine Lie, Sonia Constant, Francis Kurkdjian, Thierry Wasser, Bernard Ellena, David Apel, Uwe Schaar, Fanny Grau và Philippe Bousseton. "
Vera Wang,https://www.thegioinuochoa.com.vn/vera-wang/,"Khả năng sáng tạo độc đáo và tài năng tuyệt vời của Vera Wang đã giúp bà trở thành người thiết kế áo cưới nổi tiếng nhất thế giới. Không hề ngạc nhiên khi bà mang nét nữ tính lãng mạn và đẳng cấp thời trang của mình vào các sản phẩm nước hoa Vera Wang. Mỗi mùi hương là một phong cách khác nhau thể hiện sự thanh lịch và hiện đại trong một thế giới ngày càng phát triển, những hương thơm mang đến cho tất cả phụ nữ cơ hội cùng chia sẻ giấc mơ Vera Wang, và cũng từ đó đạt được mơ ước của mình. "
Versace,https://www.thegioinuochoa.com.vn/versace/,"Được dẫn dắt bởi nhà thiết kế táo bạo và có ảnh hưởng nhất thế giới, nhãn hiệu Versace giờ đây đồng nghĩa với sự cao cấp bậc nhất. Vì lẽ đó, không hề ngạc nhiên khi các sản phẩm thời trang, nước hoa Versace luôn tương xứng với những thiết kế của họ trên sàn diễn - tự nhiên và tao nhã, thanh lịch và khỏe khoắn, hiện đại và nữ tính, gợi cảm và quyến rũ. Kể từ khi giới thiệu lọ nước hoa Versace đầu tiên vào năm 1981, nhãn hiệu thời trang Ý này luôn bổ sung vào bộ sưu tập nước hoa của mình những sản phẩm mới để tất cả mọi người có thể khoác lên mình những phong cách của thời trang Versace: sang trọng, mê đắm và đầy khoái lạc. "
Victoria's Secret,https://www.thegioinuochoa.com.vn/victoria-s-secret/,"ictoria's Secret - Viên kẹo ngọt ngào Cho đến giờ, chưa có một thương hiệu nào thành công được như Victoria's Secret trong việc đưa vẻ đẹp gợi cảm thành một biểu tượng. Những đêm trình diễn “hấp dẫn nhất hành tinh”, những “thiên thần của Victorias Secret” với những cặp chân dài quyến rũ nhất thế giới, những bộ đồ lót đắt giá nhất được trình diễn với những người mẫu nóng bỏng nhất… tất cả đã làm nên đặc trưng của Victoria's Secret.... Mùi hương của nước hoa Victoria's Secret cũng đầy gợi cảm như các thiên thần của họ trên sản catwalk "
Viktor & Rolf,https://www.thegioinuochoa.com.vn/viktor-rolf/,"Hãng nước hoa Viktor & Rolf hiện có khoảng 33 loại nước hoa, dòng nước hoa đầu tiên ra mắt năm 2005 và những dòng nước hoa mới nhất được tung ra thị trường từ năm 2015. Hãng Viktor & Rolf hợp tác cùng những chuyên gia nước hoa Alienor Massenet, Pierre Wargnye, Cecile Matton, Serge Majoullier, Carlos Benaim, Olivier Polge, Domitille Bertier and Dominique Ropion. "
Yves Saint Laurent,https://www.thegioinuochoa.com.vn/yves-saint-laurent/,"ves Saint Lauren - một trong những nhà thiết kế có năng lực và ảnh hưởng nhất thế giới. Từ những ngày đầu khi ông tham gia làm việc tại xưởng Christian Dior cho đến những bộ sưu tập thời trang cao cấp mang tên ông, phong cách của Yves Saint Lauren đã trở nên không thể nhầm lẫn được, được thể hiện trong tất cả các sản phẩm thời trang bao gồm phụ kiện, trang sức, quần áo may sẵn, nước hoa và mỹ phẩm. Yves Saint Lauren đồng nghĩa với sự sôi nổi, cá tính và hoàn toàn tươi mới, luôn tạo ra ảnh hưởng vô cùng rộng rãi. "
Zadig & Voltaire,https://www.thegioinuochoa.com.vn/zadig-voltaire/,"Thương hiệu thời trang Zadig & Voltaire được nhà sáng lập Thierry Gillier xây dựng dựa trên tinh thần tự do, phong cách sống của người Paris trong kỷ nguyên khai sáng với tư tưởng của nhà thần luận học Voltaire qua nhân vật biểu tượng Zadig của ông. Phát huy bản sắc của thương hiệu, Zadig & Voltaire đã ra mắt dòng nước hoa đầu tiên của mình theo phong cách “easy luxury” trẻ trung và đẳng cấp, phá vỡ mọi khuôn khổ và quy luật cứng nhắc về một hình mẫu nhàm chán nào đó, hướng từng cá nhân đến sự tự do thể hiện bản thân, có chút nổi loạn nhưng vẫn sang trọng và giữ được thần thái riêng. "
